4/26/2026, 2:48:07 AM GMT+5:30 [Modules] Modules initializing
4/26/2026, 2:48:07 AM GMT+5:30 [Modules] Distribution: remote
4/26/2026, 2:48:07 AM GMT+5:30 [Modules] Host updates: enabled
4/26/2026, 2:48:07 AM GMT+5:30 [Modules] Module updates: enabled
4/26/2026, 2:48:07 AM GMT+5:30 [Modules] Module install path: /home/rishav/.config/discord/0.0.134/modules
4/26/2026, 2:48:07 AM GMT+5:30 [Modules] Module installed file path: /home/rishav/.config/discord/0.0.134/modules/installed.json
4/26/2026, 2:48:07 AM GMT+5:30 [Modules] Module download path: /home/rishav/.config/discord/0.0.134/modules/pending
4/26/2026, 2:48:07 AM GMT+5:30 [Modules] Bootstrapping...
4/26/2026, 2:48:07 AM GMT+5:30 [Modules] Installing discord_desktop_core@0 from /opt/discord/resources/bootstrap/discord_desktop_core.zip
4/26/2026, 2:48:07 AM GMT+5:30 [Modules] Failed installing discord_desktop_core@0: Error: ENOENT: no such file or directory, open '/opt/discord/resources/bootstrap/discord_desktop_core.zip'
4/26/2026, 2:48:07 AM GMT+5:30 [Modules] Installing discord_erlpack@0 from /opt/discord/resources/bootstrap/discord_erlpack.zip
4/26/2026, 2:48:07 AM GMT+5:30 [Modules] Failed installing discord_erlpack@0: Error: ENOENT: no such file or directory, open '/opt/discord/resources/bootstrap/discord_erlpack.zip'
4/26/2026, 2:48:07 AM GMT+5:30 [Modules] Installing discord_spellcheck@0 from /opt/discord/resources/bootstrap/discord_spellcheck.zip
4/26/2026, 2:48:07 AM GMT+5:30 [Modules] Failed installing discord_spellcheck@0: Error: ENOENT: no such file or directory, open '/opt/discord/resources/bootstrap/discord_spellcheck.zip'
4/26/2026, 2:48:07 AM GMT+5:30 [Modules] Installing discord_utils@0 from /opt/discord/resources/bootstrap/discord_utils.zip
4/26/2026, 2:48:07 AM GMT+5:30 [Modules] Failed installing discord_utils@0: Error: ENOENT: no such file or directory, open '/opt/discord/resources/bootstrap/discord_utils.zip'
4/26/2026, 2:48:07 AM GMT+5:30 [Modules] Installing discord_voice@0 from /opt/discord/resources/bootstrap/discord_voice.zip
4/26/2026, 2:48:07 AM GMT+5:30 [Modules] Failed installing discord_voice@0: Error: ENOENT: no such file or directory, open '/opt/discord/resources/bootstrap/discord_voice.zip'
4/26/2026, 2:48:07 AM GMT+5:30 [Modules] Installing discord_zstd@0 from /opt/discord/resources/bootstrap/discord_zstd.zip
4/26/2026, 2:48:07 AM GMT+5:30 [Modules] Failed installing discord_zstd@0: Error: ENOENT: no such file or directory, open '/opt/discord/resources/bootstrap/discord_zstd.zip'
4/26/2026, 2:48:07 AM GMT+5:30 [Modules] Finished module installations. [success: 0] [failure: 6]
4/26/2026, 2:48:07 AM GMT+5:30 [Modules] Checking for host updates.
4/26/2026, 2:48:08 AM GMT+5:30 [Modules] Host is up to date.
4/26/2026, 2:48:08 AM GMT+5:30 [Modules] Checking for module updates at https://discord.com/api/modules/stable/versions.json
4/26/2026, 2:48:09 AM GMT+5:30 [Modules] Module update available: discord_desktop_core@1 [installed: 0]
4/26/2026, 2:48:09 AM GMT+5:30 [Modules] Module update available: discord_erlpack@1 [installed: 0]
4/26/2026, 2:48:09 AM GMT+5:30 [Modules] Module update available: discord_spellcheck@1 [installed: 0]
4/26/2026, 2:48:09 AM GMT+5:30 [Modules] Module update available: discord_utils@1 [installed: 0]
4/26/2026, 2:48:09 AM GMT+5:30 [Modules] Module update available: discord_voice@1 [installed: 0]
4/26/2026, 2:48:09 AM GMT+5:30 [Modules] Module update available: discord_zstd@1 [installed: 0]
4/26/2026, 2:48:09 AM GMT+5:30 [Modules] Fetching discord_desktop_core@1 from https://discord.com/api/modules/stable/discord_desktop_core/1
4/26/2026, 2:48:09 AM GMT+5:30 [Modules] Streaming discord_desktop_core@1 to /home/rishav/.config/discord/0.0.134/modules/pending/discord_desktop_core-1.zip
4/26/2026, 2:48:10 AM GMT+5:30 [Modules] Streaming discord_desktop_core@1 to /home/rishav/.config/discord/0.0.134/modules/pending/discord_desktop_core-1.zip: 1%
4/26/2026, 2:48:10 AM GMT+5:30 [Modules] Streaming discord_desktop_core@1 to /home/rishav/.config/discord/0.0.134/modules/pending/discord_desktop_core-1.zip: 2%
4/26/2026, 2:48:10 AM GMT+5:30 [Modules] Streaming discord_desktop_core@1 to /home/rishav/.config/discord/0.0.134/modules/pending/discord_desktop_core-1.zip: 3%
4/26/2026, 2:48:10 AM GMT+5:30 [Modules] Streaming discord_desktop_core@1 to /home/rishav/.config/discord/0.0.134/modules/pending/discord_desktop_core-1.zip: 4%
4/26/2026, 2:48:10 AM GMT+5:30 [Modules] Streaming discord_desktop_core@1 to /home/rishav/.config/discord/0.0.134/modules/pending/discord_desktop_core-1.zip: 7%
4/26/2026, 2:48:10 AM GMT+5:30 [Modules] Streaming discord_desktop_core@1 to /home/rishav/.config/discord/0.0.134/modules/pending/discord_desktop_core-1.zip: 8%
4/26/2026, 2:48:10 AM GMT+5:30 [Modules] Streaming discord_desktop_core@1 to /home/rishav/.config/discord/0.0.134/modules/pending/discord_desktop_core-1.zip: 11%
4/26/2026, 2:48:10 AM GMT+5:30 [Modules] Streaming discord_desktop_core@1 to /home/rishav/.config/discord/0.0.134/modules/pending/discord_desktop_core-1.zip: 13%
4/26/2026, 2:48:10 AM GMT+5:30 [Modules] Streaming discord_desktop_core@1 to /home/rishav/.config/discord/0.0.134/modules/pending/discord_desktop_core-1.zip: 14%
4/26/2026, 2:48:10 AM GMT+5:30 [Modules] Streaming discord_desktop_core@1 to /home/rishav/.config/discord/0.0.134/modules/pending/discord_desktop_core-1.zip: 15%
4/26/2026, 2:48:10 AM GMT+5:30 [Modules] Streaming discord_desktop_core@1 to /home/rishav/.config/discord/0.0.134/modules/pending/discord_desktop_core-1.zip: 16%
4/26/2026, 2:48:10 AM GMT+5:30 [Modules] Streaming discord_desktop_core@1 to /home/rishav/.config/discord/0.0.134/modules/pending/discord_desktop_core-1.zip: 19%
4/26/2026, 2:48:10 AM GMT+5:30 [Modules] Streaming discord_desktop_core@1 to /home/rishav/.config/discord/0.0.134/modules/pending/discord_desktop_core-1.zip: 24%
4/26/2026, 2:48:10 AM GMT+5:30 [Modules] Streaming discord_desktop_core@1 to /home/rishav/.config/discord/0.0.134/modules/pending/discord_desktop_core-1.zip: 27%
4/26/2026, 2:48:10 AM GMT+5:30 [Modules] Streaming discord_desktop_core@1 to /home/rishav/.config/discord/0.0.134/modules/pending/discord_desktop_core-1.zip: 28%
4/26/2026, 2:48:10 AM GMT+5:30 [Modules] Streaming discord_desktop_core@1 to /home/rishav/.config/discord/0.0.134/modules/pending/discord_desktop_core-1.zip: 29%
4/26/2026, 2:48:10 AM GMT+5:30 [Modules] Streaming discord_desktop_core@1 to /home/rishav/.config/discord/0.0.134/modules/pending/discord_desktop_core-1.zip: 32%
4/26/2026, 2:48:10 AM GMT+5:30 [Modules] Streaming discord_desktop_core@1 to /home/rishav/.config/discord/0.0.134/modules/pending/discord_desktop_core-1.zip: 42%
4/26/2026, 2:48:10 AM GMT+5:30 [Modules] Streaming discord_desktop_core@1 to /home/rishav/.config/discord/0.0.134/modules/pending/discord_desktop_core-1.zip: 45%
4/26/2026, 2:48:10 AM GMT+5:30 [Modules] Streaming discord_desktop_core@1 to /home/rishav/.config/discord/0.0.134/modules/pending/discord_desktop_core-1.zip: 54%
4/26/2026, 2:48:10 AM GMT+5:30 [Modules] Streaming discord_desktop_core@1 to /home/rishav/.config/discord/0.0.134/modules/pending/discord_desktop_core-1.zip: 56%
4/26/2026, 2:48:10 AM GMT+5:30 [Modules] Streaming discord_desktop_core@1 to /home/rishav/.config/discord/0.0.134/modules/pending/discord_desktop_core-1.zip: 58%
4/26/2026, 2:48:10 AM GMT+5:30 [Modules] Streaming discord_desktop_core@1 to /home/rishav/.config/discord/0.0.134/modules/pending/discord_desktop_core-1.zip: 59%
4/26/2026, 2:48:10 AM GMT+5:30 [Modules] Streaming discord_desktop_core@1 to /home/rishav/.config/discord/0.0.134/modules/pending/discord_desktop_core-1.zip: 61%
4/26/2026, 2:48:10 AM GMT+5:30 [Modules] Streaming discord_desktop_core@1 to /home/rishav/.config/discord/0.0.134/modules/pending/discord_desktop_core-1.zip: 62%
4/26/2026, 2:48:10 AM GMT+5:30 [Modules] Streaming discord_desktop_core@1 to /home/rishav/.config/discord/0.0.134/modules/pending/discord_desktop_core-1.zip: 63%
4/26/2026, 2:48:10 AM GMT+5:30 [Modules] Streaming discord_desktop_core@1 to /home/rishav/.config/discord/0.0.134/modules/pending/discord_desktop_core-1.zip: 65%
4/26/2026, 2:48:10 AM GMT+5:30 [Modules] Streaming discord_desktop_core@1 to /home/rishav/.config/discord/0.0.134/modules/pending/discord_desktop_core-1.zip: 66%
4/26/2026, 2:48:10 AM GMT+5:30 [Modules] Streaming discord_desktop_core@1 to /home/rishav/.config/discord/0.0.134/modules/pending/discord_desktop_core-1.zip: 69%
4/26/2026, 2:48:10 AM GMT+5:30 [Modules] Streaming discord_desktop_core@1 to /home/rishav/.config/discord/0.0.134/modules/pending/discord_desktop_core-1.zip: 71%
4/26/2026, 2:48:10 AM GMT+5:30 [Modules] Streaming discord_desktop_core@1 to /home/rishav/.config/discord/0.0.134/modules/pending/discord_desktop_core-1.zip: 73%
4/26/2026, 2:48:10 AM GMT+5:30 [Modules] Streaming discord_desktop_core@1 to /home/rishav/.config/discord/0.0.134/modules/pending/discord_desktop_core-1.zip: 76%
4/26/2026, 2:48:10 AM GMT+5:30 [Modules] Streaming discord_desktop_core@1 to /home/rishav/.config/discord/0.0.134/modules/pending/discord_desktop_core-1.zip: 78%
4/26/2026, 2:48:10 AM GMT+5:30 [Modules] Streaming discord_desktop_core@1 to /home/rishav/.config/discord/0.0.134/modules/pending/discord_desktop_core-1.zip: 80%
4/26/2026, 2:48:10 AM GMT+5:30 [Modules] Streaming discord_desktop_core@1 to /home/rishav/.config/discord/0.0.134/modules/pending/discord_desktop_core-1.zip: 83%
4/26/2026, 2:48:10 AM GMT+5:30 [Modules] Streaming discord_desktop_core@1 to /home/rishav/.config/discord/0.0.134/modules/pending/discord_desktop_core-1.zip: 86%
4/26/2026, 2:48:10 AM GMT+5:30 [Modules] Streaming discord_desktop_core@1 to /home/rishav/.config/discord/0.0.134/modules/pending/discord_desktop_core-1.zip: 87%
4/26/2026, 2:48:10 AM GMT+5:30 [Modules] Streaming discord_desktop_core@1 to /home/rishav/.config/discord/0.0.134/modules/pending/discord_desktop_core-1.zip: 90%
4/26/2026, 2:48:10 AM GMT+5:30 [Modules] Streaming discord_desktop_core@1 to /home/rishav/.config/discord/0.0.134/modules/pending/discord_desktop_core-1.zip: 91%
4/26/2026, 2:48:10 AM GMT+5:30 [Modules] Streaming discord_desktop_core@1 to /home/rishav/.config/discord/0.0.134/modules/pending/discord_desktop_core-1.zip: 94%
4/26/2026, 2:48:10 AM GMT+5:30 [Modules] Streaming discord_desktop_core@1 to /home/rishav/.config/discord/0.0.134/modules/pending/discord_desktop_core-1.zip: 96%
4/26/2026, 2:48:10 AM GMT+5:30 [Modules] Streaming discord_desktop_core@1 to /home/rishav/.config/discord/0.0.134/modules/pending/discord_desktop_core-1.zip: 97%
4/26/2026, 2:48:10 AM GMT+5:30 [Modules] Streaming discord_desktop_core@1 to /home/rishav/.config/discord/0.0.134/modules/pending/discord_desktop_core-1.zip: 100%
4/26/2026, 2:48:10 AM GMT+5:30 [Modules] Fetching discord_erlpack@1 from https://discord.com/api/modules/stable/discord_erlpack/1
4/26/2026, 2:48:10 AM GMT+5:30 [Modules] Streaming discord_erlpack@1 to /home/rishav/.config/discord/0.0.134/modules/pending/discord_erlpack-1.zip
4/26/2026, 2:48:11 AM GMT+5:30 [Modules] Streaming discord_erlpack@1 to /home/rishav/.config/discord/0.0.134/modules/pending/discord_erlpack-1.zip: 2%
4/26/2026, 2:48:11 AM GMT+5:30 [Modules] Streaming discord_erlpack@1 to /home/rishav/.config/discord/0.0.134/modules/pending/discord_erlpack-1.zip: 22%
4/26/2026, 2:48:11 AM GMT+5:30 [Modules] Streaming discord_erlpack@1 to /home/rishav/.config/discord/0.0.134/modules/pending/discord_erlpack-1.zip: 54%
4/26/2026, 2:48:11 AM GMT+5:30 [Modules] Streaming discord_erlpack@1 to /home/rishav/.config/discord/0.0.134/modules/pending/discord_erlpack-1.zip: 60%
4/26/2026, 2:48:11 AM GMT+5:30 [Modules] Streaming discord_erlpack@1 to /home/rishav/.config/discord/0.0.134/modules/pending/discord_erlpack-1.zip: 62%
4/26/2026, 2:48:11 AM GMT+5:30 [Modules] Streaming discord_erlpack@1 to /home/rishav/.config/discord/0.0.134/modules/pending/discord_erlpack-1.zip: 65%
4/26/2026, 2:48:11 AM GMT+5:30 [Modules] Streaming discord_erlpack@1 to /home/rishav/.config/discord/0.0.134/modules/pending/discord_erlpack-1.zip: 66%
4/26/2026, 2:48:11 AM GMT+5:30 [Modules] Streaming discord_erlpack@1 to /home/rishav/.config/discord/0.0.134/modules/pending/discord_erlpack-1.zip: 69%
4/26/2026, 2:48:11 AM GMT+5:30 [Modules] Streaming discord_erlpack@1 to /home/rishav/.config/discord/0.0.134/modules/pending/discord_erlpack-1.zip: 70%
4/26/2026, 2:48:11 AM GMT+5:30 [Modules] Streaming discord_erlpack@1 to /home/rishav/.config/discord/0.0.134/modules/pending/discord_erlpack-1.zip: 71%
4/26/2026, 2:48:11 AM GMT+5:30 [Modules] Streaming discord_erlpack@1 to /home/rishav/.config/discord/0.0.134/modules/pending/discord_erlpack-1.zip: 74%
4/26/2026, 2:48:11 AM GMT+5:30 [Modules] Streaming discord_erlpack@1 to /home/rishav/.config/discord/0.0.134/modules/pending/discord_erlpack-1.zip: 81%
4/26/2026, 2:48:11 AM GMT+5:30 [Modules] Streaming discord_erlpack@1 to /home/rishav/.config/discord/0.0.134/modules/pending/discord_erlpack-1.zip: 88%
4/26/2026, 2:48:11 AM GMT+5:30 [Modules] Streaming discord_erlpack@1 to /home/rishav/.config/discord/0.0.134/modules/pending/discord_erlpack-1.zip: 100%
4/26/2026, 2:48:11 AM GMT+5:30 [Modules] Fetching discord_spellcheck@1 from https://discord.com/api/modules/stable/discord_spellcheck/1
4/26/2026, 2:48:11 AM GMT+5:30 [Modules] Streaming discord_spellcheck@1 to /home/rishav/.config/discord/0.0.134/modules/pending/discord_spellcheck-1.zip
4/26/2026, 2:48:12 AM GMT+5:30 [Modules] Streaming discord_spellcheck@1 to /home/rishav/.config/discord/0.0.134/modules/pending/discord_spellcheck-1.zip: 1%
4/26/2026, 2:48:12 AM GMT+5:30 [Modules] Streaming discord_spellcheck@1 to /home/rishav/.config/discord/0.0.134/modules/pending/discord_spellcheck-1.zip: 2%
4/26/2026, 2:48:12 AM GMT+5:30 [Modules] Streaming discord_spellcheck@1 to /home/rishav/.config/discord/0.0.134/modules/pending/discord_spellcheck-1.zip: 4%
4/26/2026, 2:48:12 AM GMT+5:30 [Modules] Streaming discord_spellcheck@1 to /home/rishav/.config/discord/0.0.134/modules/pending/discord_spellcheck-1.zip: 5%
4/26/2026, 2:48:12 AM GMT+5:30 [Modules] Streaming discord_spellcheck@1 to /home/rishav/.config/discord/0.0.134/modules/pending/discord_spellcheck-1.zip: 6%
4/26/2026, 2:48:12 AM GMT+5:30 [Modules] Streaming discord_spellcheck@1 to /home/rishav/.config/discord/0.0.134/modules/pending/discord_spellcheck-1.zip: 7%
4/26/2026, 2:48:12 AM GMT+5:30 [Modules] Streaming discord_spellcheck@1 to /home/rishav/.config/discord/0.0.134/modules/pending/discord_spellcheck-1.zip: 8%
4/26/2026, 2:48:12 AM GMT+5:30 [Modules] Streaming discord_spellcheck@1 to /home/rishav/.config/discord/0.0.134/modules/pending/discord_spellcheck-1.zip: 9%
4/26/2026, 2:48:12 AM GMT+5:30 [Modules] Streaming discord_spellcheck@1 to /home/rishav/.config/discord/0.0.134/modules/pending/discord_spellcheck-1.zip: 10%
4/26/2026, 2:48:12 AM GMT+5:30 [Modules] Streaming discord_spellcheck@1 to /home/rishav/.config/discord/0.0.134/modules/pending/discord_spellcheck-1.zip: 11%
4/26/2026, 2:48:12 AM GMT+5:30 [Modules] Streaming discord_spellcheck@1 to /home/rishav/.config/discord/0.0.134/modules/pending/discord_spellcheck-1.zip: 12%
4/26/2026, 2:48:12 AM GMT+5:30 [Modules] Streaming discord_spellcheck@1 to /home/rishav/.config/discord/0.0.134/modules/pending/discord_spellcheck-1.zip: 13%
4/26/2026, 2:48:12 AM GMT+5:30 [Modules] Streaming discord_spellcheck@1 to /home/rishav/.config/discord/0.0.134/modules/pending/discord_spellcheck-1.zip: 14%
4/26/2026, 2:48:12 AM GMT+5:30 [Modules] Streaming discord_spellcheck@1 to /home/rishav/.config/discord/0.0.134/modules/pending/discord_spellcheck-1.zip: 15%
4/26/2026, 2:48:12 AM GMT+5:30 [Modules] Streaming discord_spellcheck@1 to /home/rishav/.config/discord/0.0.134/modules/pending/discord_spellcheck-1.zip: 16%
4/26/2026, 2:48:12 AM GMT+5:30 [Modules] Streaming discord_spellcheck@1 to /home/rishav/.config/discord/0.0.134/modules/pending/discord_spellcheck-1.zip: 17%
4/26/2026, 2:48:12 AM GMT+5:30 [Modules] Streaming discord_spellcheck@1 to /home/rishav/.config/discord/0.0.134/modules/pending/discord_spellcheck-1.zip: 18%
4/26/2026, 2:48:12 AM GMT+5:30 [Modules] Streaming discord_spellcheck@1 to /home/rishav/.config/discord/0.0.134/modules/pending/discord_spellcheck-1.zip: 19%
4/26/2026, 2:48:12 AM GMT+5:30 [Modules] Streaming discord_spellcheck@1 to /home/rishav/.config/discord/0.0.134/modules/pending/discord_spellcheck-1.zip: 20%
4/26/2026, 2:48:12 AM GMT+5:30 [Modules] Streaming discord_spellcheck@1 to /home/rishav/.config/discord/0.0.134/modules/pending/discord_spellcheck-1.zip: 21%
4/26/2026, 2:48:12 AM GMT+5:30 [Modules] Streaming discord_spellcheck@1 to /home/rishav/.config/discord/0.0.134/modules/pending/discord_spellcheck-1.zip: 22%
4/26/2026, 2:48:12 AM GMT+5:30 [Modules] Streaming discord_spellcheck@1 to /home/rishav/.config/discord/0.0.134/modules/pending/discord_spellcheck-1.zip: 23%
4/26/2026, 2:48:12 AM GMT+5:30 [Modules] Streaming discord_spellcheck@1 to /home/rishav/.config/discord/0.0.134/modules/pending/discord_spellcheck-1.zip: 27%
4/26/2026, 2:48:12 AM GMT+5:30 [Modules] Streaming discord_spellcheck@1 to /home/rishav/.config/discord/0.0.134/modules/pending/discord_spellcheck-1.zip: 39%
4/26/2026, 2:48:12 AM GMT+5:30 [Modules] Streaming discord_spellcheck@1 to /home/rishav/.config/discord/0.0.134/modules/pending/discord_spellcheck-1.zip: 40%
4/26/2026, 2:48:12 AM GMT+5:30 [Modules] Streaming discord_spellcheck@1 to /home/rishav/.config/discord/0.0.134/modules/pending/discord_spellcheck-1.zip: 41%
4/26/2026, 2:48:12 AM GMT+5:30 [Modules] Streaming discord_spellcheck@1 to /home/rishav/.config/discord/0.0.134/modules/pending/discord_spellcheck-1.zip: 47%
4/26/2026, 2:48:12 AM GMT+5:30 [Modules] Streaming discord_spellcheck@1 to /home/rishav/.config/discord/0.0.134/modules/pending/discord_spellcheck-1.zip: 55%
4/26/2026, 2:48:12 AM GMT+5:30 [Modules] Streaming discord_spellcheck@1 to /home/rishav/.config/discord/0.0.134/modules/pending/discord_spellcheck-1.zip: 56%
4/26/2026, 2:48:12 AM GMT+5:30 [Modules] Streaming discord_spellcheck@1 to /home/rishav/.config/discord/0.0.134/modules/pending/discord_spellcheck-1.zip: 57%
4/26/2026, 2:48:12 AM GMT+5:30 [Modules] Streaming discord_spellcheck@1 to /home/rishav/.config/discord/0.0.134/modules/pending/discord_spellcheck-1.zip: 60%
4/26/2026, 2:48:12 AM GMT+5:30 [Modules] Streaming discord_spellcheck@1 to /home/rishav/.config/discord/0.0.134/modules/pending/discord_spellcheck-1.zip: 61%
4/26/2026, 2:48:12 AM GMT+5:30 [Modules] Streaming discord_spellcheck@1 to /home/rishav/.config/discord/0.0.134/modules/pending/discord_spellcheck-1.zip: 62%
4/26/2026, 2:48:12 AM GMT+5:30 [Modules] Streaming discord_spellcheck@1 to /home/rishav/.config/discord/0.0.134/modules/pending/discord_spellcheck-1.zip: 63%
4/26/2026, 2:48:12 AM GMT+5:30 [Modules] Streaming discord_spellcheck@1 to /home/rishav/.config/discord/0.0.134/modules/pending/discord_spellcheck-1.zip: 64%
4/26/2026, 2:48:12 AM GMT+5:30 [Modules] Streaming discord_spellcheck@1 to /home/rishav/.config/discord/0.0.134/modules/pending/discord_spellcheck-1.zip: 65%
4/26/2026, 2:48:12 AM GMT+5:30 [Modules] Streaming discord_spellcheck@1 to /home/rishav/.config/discord/0.0.134/modules/pending/discord_spellcheck-1.zip: 66%
4/26/2026, 2:48:12 AM GMT+5:30 [Modules] Streaming discord_spellcheck@1 to /home/rishav/.config/discord/0.0.134/modules/pending/discord_spellcheck-1.zip: 68%
4/26/2026, 2:48:12 AM GMT+5:30 [Modules] Streaming discord_spellcheck@1 to /home/rishav/.config/discord/0.0.134/modules/pending/discord_spellcheck-1.zip: 69%
4/26/2026, 2:48:12 AM GMT+5:30 [Modules] Streaming discord_spellcheck@1 to /home/rishav/.config/discord/0.0.134/modules/pending/discord_spellcheck-1.zip: 70%
4/26/2026, 2:48:12 AM GMT+5:30 [Modules] Streaming discord_spellcheck@1 to /home/rishav/.config/discord/0.0.134/modules/pending/discord_spellcheck-1.zip: 71%
4/26/2026, 2:48:12 AM GMT+5:30 [Modules] Streaming discord_spellcheck@1 to /home/rishav/.config/discord/0.0.134/modules/pending/discord_spellcheck-1.zip: 72%
4/26/2026, 2:48:12 AM GMT+5:30 [Modules] Streaming discord_spellcheck@1 to /home/rishav/.config/discord/0.0.134/modules/pending/discord_spellcheck-1.zip: 74%
4/26/2026, 2:48:12 AM GMT+5:30 [Modules] Streaming discord_spellcheck@1 to /home/rishav/.config/discord/0.0.134/modules/pending/discord_spellcheck-1.zip: 75%
4/26/2026, 2:48:12 AM GMT+5:30 [Modules] Streaming discord_spellcheck@1 to /home/rishav/.config/discord/0.0.134/modules/pending/discord_spellcheck-1.zip: 76%
4/26/2026, 2:48:12 AM GMT+5:30 [Modules] Streaming discord_spellcheck@1 to /home/rishav/.config/discord/0.0.134/modules/pending/discord_spellcheck-1.zip: 77%
4/26/2026, 2:48:12 AM GMT+5:30 [Modules] Streaming discord_spellcheck@1 to /home/rishav/.config/discord/0.0.134/modules/pending/discord_spellcheck-1.zip: 78%
4/26/2026, 2:48:12 AM GMT+5:30 [Modules] Streaming discord_spellcheck@1 to /home/rishav/.config/discord/0.0.134/modules/pending/discord_spellcheck-1.zip: 79%
4/26/2026, 2:48:12 AM GMT+5:30 [Modules] Streaming discord_spellcheck@1 to /home/rishav/.config/discord/0.0.134/modules/pending/discord_spellcheck-1.zip: 81%
4/26/2026, 2:48:12 AM GMT+5:30 [Modules] Streaming discord_spellcheck@1 to /home/rishav/.config/discord/0.0.134/modules/pending/discord_spellcheck-1.zip: 82%
4/26/2026, 2:48:12 AM GMT+5:30 [Modules] Streaming discord_spellcheck@1 to /home/rishav/.config/discord/0.0.134/modules/pending/discord_spellcheck-1.zip: 83%
4/26/2026, 2:48:12 AM GMT+5:30 [Modules] Streaming discord_spellcheck@1 to /home/rishav/.config/discord/0.0.134/modules/pending/discord_spellcheck-1.zip: 84%
4/26/2026, 2:48:12 AM GMT+5:30 [Modules] Streaming discord_spellcheck@1 to /home/rishav/.config/discord/0.0.134/modules/pending/discord_spellcheck-1.zip: 85%
4/26/2026, 2:48:12 AM GMT+5:30 [Modules] Streaming discord_spellcheck@1 to /home/rishav/.config/discord/0.0.134/modules/pending/discord_spellcheck-1.zip: 86%
4/26/2026, 2:48:12 AM GMT+5:30 [Modules] Streaming discord_spellcheck@1 to /home/rishav/.config/discord/0.0.134/modules/pending/discord_spellcheck-1.zip: 87%
4/26/2026, 2:48:12 AM GMT+5:30 [Modules] Streaming discord_spellcheck@1 to /home/rishav/.config/discord/0.0.134/modules/pending/discord_spellcheck-1.zip: 88%
4/26/2026, 2:48:12 AM GMT+5:30 [Modules] Streaming discord_spellcheck@1 to /home/rishav/.config/discord/0.0.134/modules/pending/discord_spellcheck-1.zip: 89%
4/26/2026, 2:48:12 AM GMT+5:30 [Modules] Streaming discord_spellcheck@1 to /home/rishav/.config/discord/0.0.134/modules/pending/discord_spellcheck-1.zip: 90%
4/26/2026, 2:48:12 AM GMT+5:30 [Modules] Streaming discord_spellcheck@1 to /home/rishav/.config/discord/0.0.134/modules/pending/discord_spellcheck-1.zip: 91%
4/26/2026, 2:48:12 AM GMT+5:30 [Modules] Streaming discord_spellcheck@1 to /home/rishav/.config/discord/0.0.134/modules/pending/discord_spellcheck-1.zip: 92%
4/26/2026, 2:48:12 AM GMT+5:30 [Modules] Streaming discord_spellcheck@1 to /home/rishav/.config/discord/0.0.134/modules/pending/discord_spellcheck-1.zip: 93%
4/26/2026, 2:48:12 AM GMT+5:30 [Modules] Streaming discord_spellcheck@1 to /home/rishav/.config/discord/0.0.134/modules/pending/discord_spellcheck-1.zip: 94%
4/26/2026, 2:48:12 AM GMT+5:30 [Modules] Streaming discord_spellcheck@1 to /home/rishav/.config/discord/0.0.134/modules/pending/discord_spellcheck-1.zip: 95%
4/26/2026, 2:48:12 AM GMT+5:30 [Modules] Streaming discord_spellcheck@1 to /home/rishav/.config/discord/0.0.134/modules/pending/discord_spellcheck-1.zip: 96%
4/26/2026, 2:48:12 AM GMT+5:30 [Modules] Streaming discord_spellcheck@1 to /home/rishav/.config/discord/0.0.134/modules/pending/discord_spellcheck-1.zip: 97%
4/26/2026, 2:48:12 AM GMT+5:30 [Modules] Streaming discord_spellcheck@1 to /home/rishav/.config/discord/0.0.134/modules/pending/discord_spellcheck-1.zip: 98%
4/26/2026, 2:48:12 AM GMT+5:30 [Modules] Streaming discord_spellcheck@1 to /home/rishav/.config/discord/0.0.134/modules/pending/discord_spellcheck-1.zip: 99%
4/26/2026, 2:48:12 AM GMT+5:30 [Modules] Streaming discord_spellcheck@1 to /home/rishav/.config/discord/0.0.134/modules/pending/discord_spellcheck-1.zip: 100%
4/26/2026, 2:48:12 AM GMT+5:30 [Modules] Fetching discord_utils@1 from https://discord.com/api/modules/stable/discord_utils/1
4/26/2026, 2:48:12 AM GMT+5:30 [Modules] Streaming discord_utils@1 to /home/rishav/.config/discord/0.0.134/modules/pending/discord_utils-1.zip
4/26/2026, 2:48:13 AM GMT+5:30 [Modules] Streaming discord_utils@1 to /home/rishav/.config/discord/0.0.134/modules/pending/discord_utils-1.zip: 2%
4/26/2026, 2:48:13 AM GMT+5:30 [Modules] Streaming discord_utils@1 to /home/rishav/.config/discord/0.0.134/modules/pending/discord_utils-1.zip: 9%
4/26/2026, 2:48:13 AM GMT+5:30 [Modules] Streaming discord_utils@1 to /home/rishav/.config/discord/0.0.134/modules/pending/discord_utils-1.zip: 22%
4/26/2026, 2:48:13 AM GMT+5:30 [Modules] Streaming discord_utils@1 to /home/rishav/.config/discord/0.0.134/modules/pending/discord_utils-1.zip: 36%
4/26/2026, 2:48:13 AM GMT+5:30 [Modules] Streaming discord_utils@1 to /home/rishav/.config/discord/0.0.134/modules/pending/discord_utils-1.zip: 37%
4/26/2026, 2:48:13 AM GMT+5:30 [Modules] Streaming discord_utils@1 to /home/rishav/.config/discord/0.0.134/modules/pending/discord_utils-1.zip: 38%
4/26/2026, 2:48:13 AM GMT+5:30 [Modules] Streaming discord_utils@1 to /home/rishav/.config/discord/0.0.134/modules/pending/discord_utils-1.zip: 40%
4/26/2026, 2:48:13 AM GMT+5:30 [Modules] Streaming discord_utils@1 to /home/rishav/.config/discord/0.0.134/modules/pending/discord_utils-1.zip: 41%
4/26/2026, 2:48:13 AM GMT+5:30 [Modules] Streaming discord_utils@1 to /home/rishav/.config/discord/0.0.134/modules/pending/discord_utils-1.zip: 42%
4/26/2026, 2:48:13 AM GMT+5:30 [Modules] Streaming discord_utils@1 to /home/rishav/.config/discord/0.0.134/modules/pending/discord_utils-1.zip: 43%
4/26/2026, 2:48:13 AM GMT+5:30 [Modules] Streaming discord_utils@1 to /home/rishav/.config/discord/0.0.134/modules/pending/discord_utils-1.zip: 44%
4/26/2026, 2:48:13 AM GMT+5:30 [Modules] Streaming discord_utils@1 to /home/rishav/.config/discord/0.0.134/modules/pending/discord_utils-1.zip: 46%
4/26/2026, 2:48:13 AM GMT+5:30 [Modules] Streaming discord_utils@1 to /home/rishav/.config/discord/0.0.134/modules/pending/discord_utils-1.zip: 47%
4/26/2026, 2:48:13 AM GMT+5:30 [Modules] Streaming discord_utils@1 to /home/rishav/.config/discord/0.0.134/modules/pending/discord_utils-1.zip: 48%
4/26/2026, 2:48:13 AM GMT+5:30 [Modules] Streaming discord_utils@1 to /home/rishav/.config/discord/0.0.134/modules/pending/discord_utils-1.zip: 49%
4/26/2026, 2:48:13 AM GMT+5:30 [Modules] Streaming discord_utils@1 to /home/rishav/.config/discord/0.0.134/modules/pending/discord_utils-1.zip: 50%
4/26/2026, 2:48:13 AM GMT+5:30 [Modules] Streaming discord_utils@1 to /home/rishav/.config/discord/0.0.134/modules/pending/discord_utils-1.zip: 51%
4/26/2026, 2:48:13 AM GMT+5:30 [Modules] Streaming discord_utils@1 to /home/rishav/.config/discord/0.0.134/modules/pending/discord_utils-1.zip: 52%
4/26/2026, 2:48:13 AM GMT+5:30 [Modules] Streaming discord_utils@1 to /home/rishav/.config/discord/0.0.134/modules/pending/discord_utils-1.zip: 53%
4/26/2026, 2:48:13 AM GMT+5:30 [Modules] Streaming discord_utils@1 to /home/rishav/.config/discord/0.0.134/modules/pending/discord_utils-1.zip: 54%
4/26/2026, 2:48:13 AM GMT+5:30 [Modules] Streaming discord_utils@1 to /home/rishav/.config/discord/0.0.134/modules/pending/discord_utils-1.zip: 56%
4/26/2026, 2:48:13 AM GMT+5:30 [Modules] Streaming discord_utils@1 to /home/rishav/.config/discord/0.0.134/modules/pending/discord_utils-1.zip: 57%
4/26/2026, 2:48:13 AM GMT+5:30 [Modules] Streaming discord_utils@1 to /home/rishav/.config/discord/0.0.134/modules/pending/discord_utils-1.zip: 58%
4/26/2026, 2:48:13 AM GMT+5:30 [Modules] Streaming discord_utils@1 to /home/rishav/.config/discord/0.0.134/modules/pending/discord_utils-1.zip: 62%
4/26/2026, 2:48:13 AM GMT+5:30 [Modules] Streaming discord_utils@1 to /home/rishav/.config/discord/0.0.134/modules/pending/discord_utils-1.zip: 63%
4/26/2026, 2:48:13 AM GMT+5:30 [Modules] Streaming discord_utils@1 to /home/rishav/.config/discord/0.0.134/modules/pending/discord_utils-1.zip: 64%
4/26/2026, 2:48:13 AM GMT+5:30 [Modules] Streaming discord_utils@1 to /home/rishav/.config/discord/0.0.134/modules/pending/discord_utils-1.zip: 65%
4/26/2026, 2:48:13 AM GMT+5:30 [Modules] Streaming discord_utils@1 to /home/rishav/.config/discord/0.0.134/modules/pending/discord_utils-1.zip: 66%
4/26/2026, 2:48:13 AM GMT+5:30 [Modules] Streaming discord_utils@1 to /home/rishav/.config/discord/0.0.134/modules/pending/discord_utils-1.zip: 69%
4/26/2026, 2:48:13 AM GMT+5:30 [Modules] Streaming discord_utils@1 to /home/rishav/.config/discord/0.0.134/modules/pending/discord_utils-1.zip: 70%
4/26/2026, 2:48:13 AM GMT+5:30 [Modules] Streaming discord_utils@1 to /home/rishav/.config/discord/0.0.134/modules/pending/discord_utils-1.zip: 72%
4/26/2026, 2:48:13 AM GMT+5:30 [Modules] Streaming discord_utils@1 to /home/rishav/.config/discord/0.0.134/modules/pending/discord_utils-1.zip: 73%
4/26/2026, 2:48:13 AM GMT+5:30 [Modules] Streaming discord_utils@1 to /home/rishav/.config/discord/0.0.134/modules/pending/discord_utils-1.zip: 74%
4/26/2026, 2:48:13 AM GMT+5:30 [Modules] Streaming discord_utils@1 to /home/rishav/.config/discord/0.0.134/modules/pending/discord_utils-1.zip: 86%
4/26/2026, 2:48:13 AM GMT+5:30 [Modules] Streaming discord_utils@1 to /home/rishav/.config/discord/0.0.134/modules/pending/discord_utils-1.zip: 100%
4/26/2026, 2:48:13 AM GMT+5:30 [Modules] Fetching discord_voice@1 from https://discord.com/api/modules/stable/discord_voice/1
4/26/2026, 2:48:13 AM GMT+5:30 [Modules] Streaming discord_voice@1 to /home/rishav/.config/discord/0.0.134/modules/pending/discord_voice-1.zip
4/26/2026, 2:48:14 AM GMT+5:30 [Modules] Streaming discord_voice@1 to /home/rishav/.config/discord/0.0.134/modules/pending/discord_voice-1.zip: 1%
4/26/2026, 2:48:14 AM GMT+5:30 [Modules] Streaming discord_voice@1 to /home/rishav/.config/discord/0.0.134/modules/pending/discord_voice-1.zip: 2%
4/26/2026, 2:48:14 AM GMT+5:30 [Modules] Streaming discord_voice@1 to /home/rishav/.config/discord/0.0.134/modules/pending/discord_voice-1.zip: 3%
4/26/2026, 2:48:14 AM GMT+5:30 [Modules] Streaming discord_voice@1 to /home/rishav/.config/discord/0.0.134/modules/pending/discord_voice-1.zip: 4%
4/26/2026, 2:48:14 AM GMT+5:30 [Modules] Streaming discord_voice@1 to /home/rishav/.config/discord/0.0.134/modules/pending/discord_voice-1.zip: 5%
4/26/2026, 2:48:14 AM GMT+5:30 [Modules] Streaming discord_voice@1 to /home/rishav/.config/discord/0.0.134/modules/pending/discord_voice-1.zip: 6%
4/26/2026, 2:48:14 AM GMT+5:30 [Modules] Streaming discord_voice@1 to /home/rishav/.config/discord/0.0.134/modules/pending/discord_voice-1.zip: 7%
4/26/2026, 2:48:14 AM GMT+5:30 [Modules] Streaming discord_voice@1 to /home/rishav/.config/discord/0.0.134/modules/pending/discord_voice-1.zip: 8%
4/26/2026, 2:48:14 AM GMT+5:30 [Modules] Streaming discord_voice@1 to /home/rishav/.config/discord/0.0.134/modules/pending/discord_voice-1.zip: 9%
4/26/2026, 2:48:14 AM GMT+5:30 [Modules] Streaming discord_voice@1 to /home/rishav/.config/discord/0.0.134/modules/pending/discord_voice-1.zip: 10%
4/26/2026, 2:48:14 AM GMT+5:30 [Modules] Streaming discord_voice@1 to /home/rishav/.config/discord/0.0.134/modules/pending/discord_voice-1.zip: 12%
4/26/2026, 2:48:14 AM GMT+5:30 [Modules] Streaming discord_voice@1 to /home/rishav/.config/discord/0.0.134/modules/pending/discord_voice-1.zip: 13%
4/26/2026, 2:48:14 AM GMT+5:30 [Modules] Streaming discord_voice@1 to /home/rishav/.config/discord/0.0.134/modules/pending/discord_voice-1.zip: 14%
4/26/2026, 2:48:14 AM GMT+5:30 [Modules] Streaming discord_voice@1 to /home/rishav/.config/discord/0.0.134/modules/pending/discord_voice-1.zip: 15%
4/26/2026, 2:48:14 AM GMT+5:30 [Modules] Streaming discord_voice@1 to /home/rishav/.config/discord/0.0.134/modules/pending/discord_voice-1.zip: 16%
4/26/2026, 2:48:14 AM GMT+5:30 [Modules] Streaming discord_voice@1 to /home/rishav/.config/discord/0.0.134/modules/pending/discord_voice-1.zip: 17%
4/26/2026, 2:48:14 AM GMT+5:30 [Modules] Streaming discord_voice@1 to /home/rishav/.config/discord/0.0.134/modules/pending/discord_voice-1.zip: 18%
4/26/2026, 2:48:14 AM GMT+5:30 [Modules] Streaming discord_voice@1 to /home/rishav/.config/discord/0.0.134/modules/pending/discord_voice-1.zip: 19%
4/26/2026, 2:48:14 AM GMT+5:30 [Modules] Streaming discord_voice@1 to /home/rishav/.config/discord/0.0.134/modules/pending/discord_voice-1.zip: 20%
4/26/2026, 2:48:14 AM GMT+5:30 [Modules] Streaming discord_voice@1 to /home/rishav/.config/discord/0.0.134/modules/pending/discord_voice-1.zip: 21%
4/26/2026, 2:48:14 AM GMT+5:30 [Modules] Streaming discord_voice@1 to /home/rishav/.config/discord/0.0.134/modules/pending/discord_voice-1.zip: 22%
4/26/2026, 2:48:14 AM GMT+5:30 [Modules] Streaming discord_voice@1 to /home/rishav/.config/discord/0.0.134/modules/pending/discord_voice-1.zip: 23%
4/26/2026, 2:48:14 AM GMT+5:30 [Modules] Streaming discord_voice@1 to /home/rishav/.config/discord/0.0.134/modules/pending/discord_voice-1.zip: 24%
4/26/2026, 2:48:14 AM GMT+5:30 [Modules] Streaming discord_voice@1 to /home/rishav/.config/discord/0.0.134/modules/pending/discord_voice-1.zip: 25%
4/26/2026, 2:48:14 AM GMT+5:30 [Modules] Streaming discord_voice@1 to /home/rishav/.config/discord/0.0.134/modules/pending/discord_voice-1.zip: 26%
4/26/2026, 2:48:14 AM GMT+5:30 [Modules] Streaming discord_voice@1 to /home/rishav/.config/discord/0.0.134/modules/pending/discord_voice-1.zip: 27%
4/26/2026, 2:48:14 AM GMT+5:30 [Modules] Streaming discord_voice@1 to /home/rishav/.config/discord/0.0.134/modules/pending/discord_voice-1.zip: 28%
4/26/2026, 2:48:14 AM GMT+5:30 [Modules] Streaming discord_voice@1 to /home/rishav/.config/discord/0.0.134/modules/pending/discord_voice-1.zip: 29%
4/26/2026, 2:48:14 AM GMT+5:30 [Modules] Streaming discord_voice@1 to /home/rishav/.config/discord/0.0.134/modules/pending/discord_voice-1.zip: 30%
4/26/2026, 2:48:14 AM GMT+5:30 [Modules] Streaming discord_voice@1 to /home/rishav/.config/discord/0.0.134/modules/pending/discord_voice-1.zip: 31%
4/26/2026, 2:48:14 AM GMT+5:30 [Modules] Streaming discord_voice@1 to /home/rishav/.config/discord/0.0.134/modules/pending/discord_voice-1.zip: 33%
4/26/2026, 2:48:14 AM GMT+5:30 [Modules] Streaming discord_voice@1 to /home/rishav/.config/discord/0.0.134/modules/pending/discord_voice-1.zip: 34%
4/26/2026, 2:48:14 AM GMT+5:30 [Modules] Streaming discord_voice@1 to /home/rishav/.config/discord/0.0.134/modules/pending/discord_voice-1.zip: 35%
4/26/2026, 2:48:15 AM GMT+5:30 [Modules] Streaming discord_voice@1 to /home/rishav/.config/discord/0.0.134/modules/pending/discord_voice-1.zip: 36%
4/26/2026, 2:48:15 AM GMT+5:30 [Modules] Streaming discord_voice@1 to /home/rishav/.config/discord/0.0.134/modules/pending/discord_voice-1.zip: 37%
4/26/2026, 2:48:15 AM GMT+5:30 [Modules] Streaming discord_voice@1 to /home/rishav/.config/discord/0.0.134/modules/pending/discord_voice-1.zip: 38%
4/26/2026, 2:48:15 AM GMT+5:30 [Modules] Streaming discord_voice@1 to /home/rishav/.config/discord/0.0.134/modules/pending/discord_voice-1.zip: 39%
4/26/2026, 2:48:15 AM GMT+5:30 [Modules] Streaming discord_voice@1 to /home/rishav/.config/discord/0.0.134/modules/pending/discord_voice-1.zip: 40%
4/26/2026, 2:48:15 AM GMT+5:30 [Modules] Streaming discord_voice@1 to /home/rishav/.config/discord/0.0.134/modules/pending/discord_voice-1.zip: 41%
4/26/2026, 2:48:15 AM GMT+5:30 [Modules] Streaming discord_voice@1 to /home/rishav/.config/discord/0.0.134/modules/pending/discord_voice-1.zip: 42%
4/26/2026, 2:48:15 AM GMT+5:30 [Modules] Streaming discord_voice@1 to /home/rishav/.config/discord/0.0.134/modules/pending/discord_voice-1.zip: 43%
4/26/2026, 2:48:15 AM GMT+5:30 [Modules] Streaming discord_voice@1 to /home/rishav/.config/discord/0.0.134/modules/pending/discord_voice-1.zip: 44%
4/26/2026, 2:48:15 AM GMT+5:30 [Modules] Streaming discord_voice@1 to /home/rishav/.config/discord/0.0.134/modules/pending/discord_voice-1.zip: 45%
4/26/2026, 2:48:15 AM GMT+5:30 [Modules] Streaming discord_voice@1 to /home/rishav/.config/discord/0.0.134/modules/pending/discord_voice-1.zip: 46%
4/26/2026, 2:48:15 AM GMT+5:30 [Modules] Streaming discord_voice@1 to /home/rishav/.config/discord/0.0.134/modules/pending/discord_voice-1.zip: 47%
4/26/2026, 2:48:15 AM GMT+5:30 [Modules] Streaming discord_voice@1 to /home/rishav/.config/discord/0.0.134/modules/pending/discord_voice-1.zip: 48%
4/26/2026, 2:48:15 AM GMT+5:30 [Modules] Streaming discord_voice@1 to /home/rishav/.config/discord/0.0.134/modules/pending/discord_voice-1.zip: 49%
4/26/2026, 2:48:15 AM GMT+5:30 [Modules] Streaming discord_voice@1 to /home/rishav/.config/discord/0.0.134/modules/pending/discord_voice-1.zip: 50%
4/26/2026, 2:48:15 AM GMT+5:30 [Modules] Streaming discord_voice@1 to /home/rishav/.config/discord/0.0.134/modules/pending/discord_voice-1.zip: 51%
4/26/2026, 2:48:15 AM GMT+5:30 [Modules] Streaming discord_voice@1 to /home/rishav/.config/discord/0.0.134/modules/pending/discord_voice-1.zip: 52%
4/26/2026, 2:48:15 AM GMT+5:30 [Modules] Streaming discord_voice@1 to /home/rishav/.config/discord/0.0.134/modules/pending/discord_voice-1.zip: 53%
4/26/2026, 2:48:15 AM GMT+5:30 [Modules] Streaming discord_voice@1 to /home/rishav/.config/discord/0.0.134/modules/pending/discord_voice-1.zip: 54%
4/26/2026, 2:48:15 AM GMT+5:30 [Modules] Streaming discord_voice@1 to /home/rishav/.config/discord/0.0.134/modules/pending/discord_voice-1.zip: 55%
4/26/2026, 2:48:15 AM GMT+5:30 [Modules] Streaming discord_voice@1 to /home/rishav/.config/discord/0.0.134/modules/pending/discord_voice-1.zip: 56%
4/26/2026, 2:48:15 AM GMT+5:30 [Modules] Streaming discord_voice@1 to /home/rishav/.config/discord/0.0.134/modules/pending/discord_voice-1.zip: 57%
4/26/2026, 2:48:15 AM GMT+5:30 [Modules] Streaming discord_voice@1 to /home/rishav/.config/discord/0.0.134/modules/pending/discord_voice-1.zip: 58%
4/26/2026, 2:48:15 AM GMT+5:30 [Modules] Streaming discord_voice@1 to /home/rishav/.config/discord/0.0.134/modules/pending/discord_voice-1.zip: 59%
4/26/2026, 2:48:15 AM GMT+5:30 [Modules] Streaming discord_voice@1 to /home/rishav/.config/discord/0.0.134/modules/pending/discord_voice-1.zip: 60%
4/26/2026, 2:48:15 AM GMT+5:30 [Modules] Streaming discord_voice@1 to /home/rishav/.config/discord/0.0.134/modules/pending/discord_voice-1.zip: 61%
4/26/2026, 2:48:15 AM GMT+5:30 [Modules] Streaming discord_voice@1 to /home/rishav/.config/discord/0.0.134/modules/pending/discord_voice-1.zip: 62%
4/26/2026, 2:48:15 AM GMT+5:30 [Modules] Streaming discord_voice@1 to /home/rishav/.config/discord/0.0.134/modules/pending/discord_voice-1.zip: 63%
4/26/2026, 2:48:15 AM GMT+5:30 [Modules] Streaming discord_voice@1 to /home/rishav/.config/discord/0.0.134/modules/pending/discord_voice-1.zip: 64%
4/26/2026, 2:48:15 AM GMT+5:30 [Modules] Streaming discord_voice@1 to /home/rishav/.config/discord/0.0.134/modules/pending/discord_voice-1.zip: 65%
4/26/2026, 2:48:15 AM GMT+5:30 [Modules] Streaming discord_voice@1 to /home/rishav/.config/discord/0.0.134/modules/pending/discord_voice-1.zip: 66%
4/26/2026, 2:48:15 AM GMT+5:30 [Modules] Streaming discord_voice@1 to /home/rishav/.config/discord/0.0.134/modules/pending/discord_voice-1.zip: 67%
4/26/2026, 2:48:15 AM GMT+5:30 [Modules] Streaming discord_voice@1 to /home/rishav/.config/discord/0.0.134/modules/pending/discord_voice-1.zip: 68%
4/26/2026, 2:48:15 AM GMT+5:30 [Modules] Streaming discord_voice@1 to /home/rishav/.config/discord/0.0.134/modules/pending/discord_voice-1.zip: 69%
4/26/2026, 2:48:16 AM GMT+5:30 [Modules] Streaming discord_voice@1 to /home/rishav/.config/discord/0.0.134/modules/pending/discord_voice-1.zip: 70%
4/26/2026, 2:48:16 AM GMT+5:30 [Modules] Streaming discord_voice@1 to /home/rishav/.config/discord/0.0.134/modules/pending/discord_voice-1.zip: 71%
4/26/2026, 2:48:16 AM GMT+5:30 [Modules] Streaming discord_voice@1 to /home/rishav/.config/discord/0.0.134/modules/pending/discord_voice-1.zip: 73%
4/26/2026, 2:48:16 AM GMT+5:30 [Modules] Streaming discord_voice@1 to /home/rishav/.config/discord/0.0.134/modules/pending/discord_voice-1.zip: 74%
4/26/2026, 2:48:16 AM GMT+5:30 [Modules] Streaming discord_voice@1 to /home/rishav/.config/discord/0.0.134/modules/pending/discord_voice-1.zip: 75%
4/26/2026, 2:48:16 AM GMT+5:30 [Modules] Streaming discord_voice@1 to /home/rishav/.config/discord/0.0.134/modules/pending/discord_voice-1.zip: 76%
4/26/2026, 2:48:16 AM GMT+5:30 [Modules] Streaming discord_voice@1 to /home/rishav/.config/discord/0.0.134/modules/pending/discord_voice-1.zip: 77%
4/26/2026, 2:48:16 AM GMT+5:30 [Modules] Streaming discord_voice@1 to /home/rishav/.config/discord/0.0.134/modules/pending/discord_voice-1.zip: 78%
4/26/2026, 2:48:16 AM GMT+5:30 [Modules] Streaming discord_voice@1 to /home/rishav/.config/discord/0.0.134/modules/pending/discord_voice-1.zip: 79%
4/26/2026, 2:48:16 AM GMT+5:30 [Modules] Streaming discord_voice@1 to /home/rishav/.config/discord/0.0.134/modules/pending/discord_voice-1.zip: 80%
4/26/2026, 2:48:16 AM GMT+5:30 [Modules] Streaming discord_voice@1 to /home/rishav/.config/discord/0.0.134/modules/pending/discord_voice-1.zip: 81%
4/26/2026, 2:48:16 AM GMT+5:30 [Modules] Streaming discord_voice@1 to /home/rishav/.config/discord/0.0.134/modules/pending/discord_voice-1.zip: 82%
4/26/2026, 2:48:16 AM GMT+5:30 [Modules] Streaming discord_voice@1 to /home/rishav/.config/discord/0.0.134/modules/pending/discord_voice-1.zip: 83%
4/26/2026, 2:48:16 AM GMT+5:30 [Modules] Streaming discord_voice@1 to /home/rishav/.config/discord/0.0.134/modules/pending/discord_voice-1.zip: 84%
4/26/2026, 2:48:16 AM GMT+5:30 [Modules] Streaming discord_voice@1 to /home/rishav/.config/discord/0.0.134/modules/pending/discord_voice-1.zip: 85%
4/26/2026, 2:48:16 AM GMT+5:30 [Modules] Streaming discord_voice@1 to /home/rishav/.config/discord/0.0.134/modules/pending/discord_voice-1.zip: 86%
4/26/2026, 2:48:16 AM GMT+5:30 [Modules] Streaming discord_voice@1 to /home/rishav/.config/discord/0.0.134/modules/pending/discord_voice-1.zip: 87%
4/26/2026, 2:48:16 AM GMT+5:30 [Modules] Streaming discord_voice@1 to /home/rishav/.config/discord/0.0.134/modules/pending/discord_voice-1.zip: 88%
4/26/2026, 2:48:16 AM GMT+5:30 [Modules] Streaming discord_voice@1 to /home/rishav/.config/discord/0.0.134/modules/pending/discord_voice-1.zip: 89%
4/26/2026, 2:48:16 AM GMT+5:30 [Modules] Streaming discord_voice@1 to /home/rishav/.config/discord/0.0.134/modules/pending/discord_voice-1.zip: 90%
4/26/2026, 2:48:16 AM GMT+5:30 [Modules] Streaming discord_voice@1 to /home/rishav/.config/discord/0.0.134/modules/pending/discord_voice-1.zip: 91%
4/26/2026, 2:48:16 AM GMT+5:30 [Modules] Streaming discord_voice@1 to /home/rishav/.config/discord/0.0.134/modules/pending/discord_voice-1.zip: 92%
4/26/2026, 2:48:16 AM GMT+5:30 [Modules] Streaming discord_voice@1 to /home/rishav/.config/discord/0.0.134/modules/pending/discord_voice-1.zip: 93%
4/26/2026, 2:48:16 AM GMT+5:30 [Modules] Streaming discord_voice@1 to /home/rishav/.config/discord/0.0.134/modules/pending/discord_voice-1.zip: 94%
4/26/2026, 2:48:16 AM GMT+5:30 [Modules] Streaming discord_voice@1 to /home/rishav/.config/discord/0.0.134/modules/pending/discord_voice-1.zip: 95%
4/26/2026, 2:48:16 AM GMT+5:30 [Modules] Streaming discord_voice@1 to /home/rishav/.config/discord/0.0.134/modules/pending/discord_voice-1.zip: 97%
4/26/2026, 2:48:16 AM GMT+5:30 [Modules] Streaming discord_voice@1 to /home/rishav/.config/discord/0.0.134/modules/pending/discord_voice-1.zip: 98%
4/26/2026, 2:48:16 AM GMT+5:30 [Modules] Streaming discord_voice@1 to /home/rishav/.config/discord/0.0.134/modules/pending/discord_voice-1.zip: 99%
4/26/2026, 2:48:16 AM GMT+5:30 [Modules] Streaming discord_voice@1 to /home/rishav/.config/discord/0.0.134/modules/pending/discord_voice-1.zip: 100%
4/26/2026, 2:48:16 AM GMT+5:30 [Modules] Fetching discord_zstd@1 from https://discord.com/api/modules/stable/discord_zstd/1
4/26/2026, 2:48:16 AM GMT+5:30 [Modules] Streaming discord_zstd@1 to /home/rishav/.config/discord/0.0.134/modules/pending/discord_zstd-1.zip
4/26/2026, 2:48:17 AM GMT+5:30 [Modules] Streaming discord_zstd@1 to /home/rishav/.config/discord/0.0.134/modules/pending/discord_zstd-1.zip: 38%
4/26/2026, 2:48:17 AM GMT+5:30 [Modules] Streaming discord_zstd@1 to /home/rishav/.config/discord/0.0.134/modules/pending/discord_zstd-1.zip: 100%
4/26/2026, 2:48:17 AM GMT+5:30 [Modules] Finished module downloads. [success: 6] [failure: 0]
4/26/2026, 2:48:17 AM GMT+5:30 [Modules] Installing updates...
4/26/2026, 2:48:17 AM GMT+5:30 [Modules] Installing discord_desktop_core@1 from /home/rishav/.config/discord/0.0.134/modules/pending/discord_desktop_core-1.zip
4/26/2026, 2:48:17 AM GMT+5:30 [Modules] Installing discord_erlpack@1 from /home/rishav/.config/discord/0.0.134/modules/pending/discord_erlpack-1.zip
4/26/2026, 2:48:17 AM GMT+5:30 [Modules] Installing discord_spellcheck@1 from /home/rishav/.config/discord/0.0.134/modules/pending/discord_spellcheck-1.zip
4/26/2026, 2:48:18 AM GMT+5:30 [Modules] Installing discord_utils@1 from /home/rishav/.config/discord/0.0.134/modules/pending/discord_utils-1.zip
4/26/2026, 2:48:18 AM GMT+5:30 [Modules] Installing discord_voice@1 from /home/rishav/.config/discord/0.0.134/modules/pending/discord_voice-1.zip
4/26/2026, 2:48:18 AM GMT+5:30 [Modules] Installing discord_zstd@1 from /home/rishav/.config/discord/0.0.134/modules/pending/discord_zstd-1.zip
4/26/2026, 2:48:18 AM GMT+5:30 [Modules] Finished module installations. [success: 6] [failure: 0]
4/26/2026, 2:48:18 AM GMT+5:30 [Modules] Checking for host updates.
4/26/2026, 2:48:19 AM GMT+5:30 [Modules] Host is up to date.
4/26/2026, 2:48:19 AM GMT+5:30 [Modules] Checking for module updates at https://discord.com/api/modules/stable/versions.json
4/26/2026, 2:48:19 AM GMT+5:30 [Modules] No module updates available.
4/26/2026, 2:48:30 AM GMT+5:30 [Modules] Starting to install discord_krisp...
4/26/2026, 2:48:30 AM GMT+5:30 [Modules] Fetching discord_krisp@2 from https://discord.com/api/modules/stable/discord_krisp/2
4/26/2026, 2:48:30 AM GMT+5:30 [Modules] Streaming discord_krisp@2 to /home/rishav/.config/discord/0.0.134/modules/pending/discord_krisp-2.zip
4/26/2026, 2:48:30 AM GMT+5:30 [Modules] Starting to install discord_game_utils...
4/26/2026, 2:48:31 AM GMT+5:30 [Modules] Streaming discord_krisp@2 to /home/rishav/.config/discord/0.0.134/modules/pending/discord_krisp-2.zip: 1%
4/26/2026, 2:48:31 AM GMT+5:30 [Modules] Streaming discord_krisp@2 to /home/rishav/.config/discord/0.0.134/modules/pending/discord_krisp-2.zip: 2%
4/26/2026, 2:48:31 AM GMT+5:30 [Modules] Streaming discord_krisp@2 to /home/rishav/.config/discord/0.0.134/modules/pending/discord_krisp-2.zip: 3%
4/26/2026, 2:48:31 AM GMT+5:30 [Modules] Streaming discord_krisp@2 to /home/rishav/.config/discord/0.0.134/modules/pending/discord_krisp-2.zip: 4%
4/26/2026, 2:48:31 AM GMT+5:30 [Modules] Streaming discord_krisp@2 to /home/rishav/.config/discord/0.0.134/modules/pending/discord_krisp-2.zip: 5%
4/26/2026, 2:48:31 AM GMT+5:30 [Modules] Streaming discord_krisp@2 to /home/rishav/.config/discord/0.0.134/modules/pending/discord_krisp-2.zip: 6%
4/26/2026, 2:48:31 AM GMT+5:30 [Modules] Streaming discord_krisp@2 to /home/rishav/.config/discord/0.0.134/modules/pending/discord_krisp-2.zip: 7%
4/26/2026, 2:48:31 AM GMT+5:30 [Modules] Streaming discord_krisp@2 to /home/rishav/.config/discord/0.0.134/modules/pending/discord_krisp-2.zip: 8%
4/26/2026, 2:48:31 AM GMT+5:30 [Modules] Streaming discord_krisp@2 to /home/rishav/.config/discord/0.0.134/modules/pending/discord_krisp-2.zip: 9%
4/26/2026, 2:48:31 AM GMT+5:30 [Modules] Streaming discord_krisp@2 to /home/rishav/.config/discord/0.0.134/modules/pending/discord_krisp-2.zip: 10%
4/26/2026, 2:48:31 AM GMT+5:30 [Modules] Streaming discord_krisp@2 to /home/rishav/.config/discord/0.0.134/modules/pending/discord_krisp-2.zip: 12%
4/26/2026, 2:48:31 AM GMT+5:30 [Modules] Streaming discord_krisp@2 to /home/rishav/.config/discord/0.0.134/modules/pending/discord_krisp-2.zip: 13%
4/26/2026, 2:48:31 AM GMT+5:30 [Modules] Streaming discord_krisp@2 to /home/rishav/.config/discord/0.0.134/modules/pending/discord_krisp-2.zip: 14%
4/26/2026, 2:48:31 AM GMT+5:30 [Modules] Streaming discord_krisp@2 to /home/rishav/.config/discord/0.0.134/modules/pending/discord_krisp-2.zip: 15%
4/26/2026, 2:48:31 AM GMT+5:30 [Modules] Streaming discord_krisp@2 to /home/rishav/.config/discord/0.0.134/modules/pending/discord_krisp-2.zip: 16%
4/26/2026, 2:48:31 AM GMT+5:30 [Modules] Streaming discord_krisp@2 to /home/rishav/.config/discord/0.0.134/modules/pending/discord_krisp-2.zip: 17%
4/26/2026, 2:48:31 AM GMT+5:30 [Modules] Streaming discord_krisp@2 to /home/rishav/.config/discord/0.0.134/modules/pending/discord_krisp-2.zip: 18%
4/26/2026, 2:48:31 AM GMT+5:30 [Modules] Streaming discord_krisp@2 to /home/rishav/.config/discord/0.0.134/modules/pending/discord_krisp-2.zip: 19%
4/26/2026, 2:48:31 AM GMT+5:30 [Modules] Streaming discord_krisp@2 to /home/rishav/.config/discord/0.0.134/modules/pending/discord_krisp-2.zip: 20%
4/26/2026, 2:48:31 AM GMT+5:30 [Modules] Streaming discord_krisp@2 to /home/rishav/.config/discord/0.0.134/modules/pending/discord_krisp-2.zip: 21%
4/26/2026, 2:48:31 AM GMT+5:30 [Modules] Streaming discord_krisp@2 to /home/rishav/.config/discord/0.0.134/modules/pending/discord_krisp-2.zip: 22%
4/26/2026, 2:48:31 AM GMT+5:30 [Modules] Streaming discord_krisp@2 to /home/rishav/.config/discord/0.0.134/modules/pending/discord_krisp-2.zip: 23%
4/26/2026, 2:48:31 AM GMT+5:30 [Modules] Streaming discord_krisp@2 to /home/rishav/.config/discord/0.0.134/modules/pending/discord_krisp-2.zip: 24%
4/26/2026, 2:48:31 AM GMT+5:30 [Modules] Streaming discord_krisp@2 to /home/rishav/.config/discord/0.0.134/modules/pending/discord_krisp-2.zip: 25%
4/26/2026, 2:48:31 AM GMT+5:30 [Modules] Streaming discord_krisp@2 to /home/rishav/.config/discord/0.0.134/modules/pending/discord_krisp-2.zip: 26%
4/26/2026, 2:48:31 AM GMT+5:30 [Modules] Streaming discord_krisp@2 to /home/rishav/.config/discord/0.0.134/modules/pending/discord_krisp-2.zip: 27%
4/26/2026, 2:48:31 AM GMT+5:30 [Modules] Streaming discord_krisp@2 to /home/rishav/.config/discord/0.0.134/modules/pending/discord_krisp-2.zip: 28%
4/26/2026, 2:48:31 AM GMT+5:30 [Modules] Streaming discord_krisp@2 to /home/rishav/.config/discord/0.0.134/modules/pending/discord_krisp-2.zip: 29%
4/26/2026, 2:48:32 AM GMT+5:30 [Modules] Streaming discord_krisp@2 to /home/rishav/.config/discord/0.0.134/modules/pending/discord_krisp-2.zip: 30%
4/26/2026, 2:48:32 AM GMT+5:30 [Modules] Streaming discord_krisp@2 to /home/rishav/.config/discord/0.0.134/modules/pending/discord_krisp-2.zip: 31%
4/26/2026, 2:48:32 AM GMT+5:30 [Modules] Streaming discord_krisp@2 to /home/rishav/.config/discord/0.0.134/modules/pending/discord_krisp-2.zip: 32%
4/26/2026, 2:48:32 AM GMT+5:30 [Modules] Streaming discord_krisp@2 to /home/rishav/.config/discord/0.0.134/modules/pending/discord_krisp-2.zip: 33%
4/26/2026, 2:48:32 AM GMT+5:30 [Modules] Streaming discord_krisp@2 to /home/rishav/.config/discord/0.0.134/modules/pending/discord_krisp-2.zip: 34%
4/26/2026, 2:48:32 AM GMT+5:30 [Modules] Streaming discord_krisp@2 to /home/rishav/.config/discord/0.0.134/modules/pending/discord_krisp-2.zip: 35%
4/26/2026, 2:48:32 AM GMT+5:30 [Modules] Streaming discord_krisp@2 to /home/rishav/.config/discord/0.0.134/modules/pending/discord_krisp-2.zip: 36%
4/26/2026, 2:48:32 AM GMT+5:30 [Modules] Starting to install discord_rpc...
4/26/2026, 2:48:32 AM GMT+5:30 [Modules] Streaming discord_krisp@2 to /home/rishav/.config/discord/0.0.134/modules/pending/discord_krisp-2.zip: 37%
4/26/2026, 2:48:32 AM GMT+5:30 [Modules] Streaming discord_krisp@2 to /home/rishav/.config/discord/0.0.134/modules/pending/discord_krisp-2.zip: 38%
4/26/2026, 2:48:32 AM GMT+5:30 [Modules] Streaming discord_krisp@2 to /home/rishav/.config/discord/0.0.134/modules/pending/discord_krisp-2.zip: 39%
4/26/2026, 2:48:32 AM GMT+5:30 [Modules] Streaming discord_krisp@2 to /home/rishav/.config/discord/0.0.134/modules/pending/discord_krisp-2.zip: 40%
4/26/2026, 2:48:32 AM GMT+5:30 [Modules] Streaming discord_krisp@2 to /home/rishav/.config/discord/0.0.134/modules/pending/discord_krisp-2.zip: 41%
4/26/2026, 2:48:32 AM GMT+5:30 [Modules] Streaming discord_krisp@2 to /home/rishav/.config/discord/0.0.134/modules/pending/discord_krisp-2.zip: 42%
4/26/2026, 2:48:32 AM GMT+5:30 [Modules] Streaming discord_krisp@2 to /home/rishav/.config/discord/0.0.134/modules/pending/discord_krisp-2.zip: 43%
4/26/2026, 2:48:32 AM GMT+5:30 [Modules] Streaming discord_krisp@2 to /home/rishav/.config/discord/0.0.134/modules/pending/discord_krisp-2.zip: 44%
4/26/2026, 2:48:32 AM GMT+5:30 [Modules] Streaming discord_krisp@2 to /home/rishav/.config/discord/0.0.134/modules/pending/discord_krisp-2.zip: 45%
4/26/2026, 2:48:32 AM GMT+5:30 [Modules] Streaming discord_krisp@2 to /home/rishav/.config/discord/0.0.134/modules/pending/discord_krisp-2.zip: 46%
4/26/2026, 2:48:32 AM GMT+5:30 [Modules] Streaming discord_krisp@2 to /home/rishav/.config/discord/0.0.134/modules/pending/discord_krisp-2.zip: 47%
4/26/2026, 2:48:32 AM GMT+5:30 [Modules] Streaming discord_krisp@2 to /home/rishav/.config/discord/0.0.134/modules/pending/discord_krisp-2.zip: 48%
4/26/2026, 2:48:32 AM GMT+5:30 [Modules] Streaming discord_krisp@2 to /home/rishav/.config/discord/0.0.134/modules/pending/discord_krisp-2.zip: 49%
4/26/2026, 2:48:32 AM GMT+5:30 [Modules] Streaming discord_krisp@2 to /home/rishav/.config/discord/0.0.134/modules/pending/discord_krisp-2.zip: 50%
4/26/2026, 2:48:32 AM GMT+5:30 [Modules] Streaming discord_krisp@2 to /home/rishav/.config/discord/0.0.134/modules/pending/discord_krisp-2.zip: 51%
4/26/2026, 2:48:32 AM GMT+5:30 [Modules] Streaming discord_krisp@2 to /home/rishav/.config/discord/0.0.134/modules/pending/discord_krisp-2.zip: 52%
4/26/2026, 2:48:32 AM GMT+5:30 [Modules] Streaming discord_krisp@2 to /home/rishav/.config/discord/0.0.134/modules/pending/discord_krisp-2.zip: 53%
4/26/2026, 2:48:32 AM GMT+5:30 [Modules] Streaming discord_krisp@2 to /home/rishav/.config/discord/0.0.134/modules/pending/discord_krisp-2.zip: 54%
4/26/2026, 2:48:32 AM GMT+5:30 [Modules] Streaming discord_krisp@2 to /home/rishav/.config/discord/0.0.134/modules/pending/discord_krisp-2.zip: 55%
4/26/2026, 2:48:32 AM GMT+5:30 [Modules] Streaming discord_krisp@2 to /home/rishav/.config/discord/0.0.134/modules/pending/discord_krisp-2.zip: 56%
4/26/2026, 2:48:32 AM GMT+5:30 [Modules] Streaming discord_krisp@2 to /home/rishav/.config/discord/0.0.134/modules/pending/discord_krisp-2.zip: 57%
4/26/2026, 2:48:32 AM GMT+5:30 [Modules] Streaming discord_krisp@2 to /home/rishav/.config/discord/0.0.134/modules/pending/discord_krisp-2.zip: 58%
4/26/2026, 2:48:32 AM GMT+5:30 [Modules] Streaming discord_krisp@2 to /home/rishav/.config/discord/0.0.134/modules/pending/discord_krisp-2.zip: 59%
4/26/2026, 2:48:32 AM GMT+5:30 [Modules] Streaming discord_krisp@2 to /home/rishav/.config/discord/0.0.134/modules/pending/discord_krisp-2.zip: 60%
4/26/2026, 2:48:32 AM GMT+5:30 [Modules] Streaming discord_krisp@2 to /home/rishav/.config/discord/0.0.134/modules/pending/discord_krisp-2.zip: 61%
4/26/2026, 2:48:32 AM GMT+5:30 [Modules] Streaming discord_krisp@2 to /home/rishav/.config/discord/0.0.134/modules/pending/discord_krisp-2.zip: 62%
4/26/2026, 2:48:32 AM GMT+5:30 [Modules] Streaming discord_krisp@2 to /home/rishav/.config/discord/0.0.134/modules/pending/discord_krisp-2.zip: 63%
4/26/2026, 2:48:32 AM GMT+5:30 [Modules] Streaming discord_krisp@2 to /home/rishav/.config/discord/0.0.134/modules/pending/discord_krisp-2.zip: 64%
4/26/2026, 2:48:32 AM GMT+5:30 [Modules] Streaming discord_krisp@2 to /home/rishav/.config/discord/0.0.134/modules/pending/discord_krisp-2.zip: 65%
4/26/2026, 2:48:32 AM GMT+5:30 [Modules] Streaming discord_krisp@2 to /home/rishav/.config/discord/0.0.134/modules/pending/discord_krisp-2.zip: 66%
4/26/2026, 2:48:32 AM GMT+5:30 [Modules] Streaming discord_krisp@2 to /home/rishav/.config/discord/0.0.134/modules/pending/discord_krisp-2.zip: 67%
4/26/2026, 2:48:32 AM GMT+5:30 [Modules] Streaming discord_krisp@2 to /home/rishav/.config/discord/0.0.134/modules/pending/discord_krisp-2.zip: 68%
4/26/2026, 2:48:32 AM GMT+5:30 [Modules] Streaming discord_krisp@2 to /home/rishav/.config/discord/0.0.134/modules/pending/discord_krisp-2.zip: 69%
4/26/2026, 2:48:32 AM GMT+5:30 [Modules] Streaming discord_krisp@2 to /home/rishav/.config/discord/0.0.134/modules/pending/discord_krisp-2.zip: 70%
4/26/2026, 2:48:32 AM GMT+5:30 [Modules] Streaming discord_krisp@2 to /home/rishav/.config/discord/0.0.134/modules/pending/discord_krisp-2.zip: 71%
4/26/2026, 2:48:32 AM GMT+5:30 [Modules] Streaming discord_krisp@2 to /home/rishav/.config/discord/0.0.134/modules/pending/discord_krisp-2.zip: 72%
4/26/2026, 2:48:32 AM GMT+5:30 [Modules] Streaming discord_krisp@2 to /home/rishav/.config/discord/0.0.134/modules/pending/discord_krisp-2.zip: 73%
4/26/2026, 2:48:32 AM GMT+5:30 [Modules] Streaming discord_krisp@2 to /home/rishav/.config/discord/0.0.134/modules/pending/discord_krisp-2.zip: 74%
4/26/2026, 2:48:32 AM GMT+5:30 [Modules] Streaming discord_krisp@2 to /home/rishav/.config/discord/0.0.134/modules/pending/discord_krisp-2.zip: 75%
4/26/2026, 2:48:32 AM GMT+5:30 [Modules] Streaming discord_krisp@2 to /home/rishav/.config/discord/0.0.134/modules/pending/discord_krisp-2.zip: 76%
4/26/2026, 2:48:32 AM GMT+5:30 [Modules] Streaming discord_krisp@2 to /home/rishav/.config/discord/0.0.134/modules/pending/discord_krisp-2.zip: 77%
4/26/2026, 2:48:32 AM GMT+5:30 [Modules] Streaming discord_krisp@2 to /home/rishav/.config/discord/0.0.134/modules/pending/discord_krisp-2.zip: 78%
4/26/2026, 2:48:32 AM GMT+5:30 [Modules] Streaming discord_krisp@2 to /home/rishav/.config/discord/0.0.134/modules/pending/discord_krisp-2.zip: 79%
4/26/2026, 2:48:33 AM GMT+5:30 [Modules] Streaming discord_krisp@2 to /home/rishav/.config/discord/0.0.134/modules/pending/discord_krisp-2.zip: 80%
4/26/2026, 2:48:33 AM GMT+5:30 [Modules] Streaming discord_krisp@2 to /home/rishav/.config/discord/0.0.134/modules/pending/discord_krisp-2.zip: 81%
4/26/2026, 2:48:33 AM GMT+5:30 [Modules] Streaming discord_krisp@2 to /home/rishav/.config/discord/0.0.134/modules/pending/discord_krisp-2.zip: 82%
4/26/2026, 2:48:33 AM GMT+5:30 [Modules] Streaming discord_krisp@2 to /home/rishav/.config/discord/0.0.134/modules/pending/discord_krisp-2.zip: 83%
4/26/2026, 2:48:33 AM GMT+5:30 [Modules] Streaming discord_krisp@2 to /home/rishav/.config/discord/0.0.134/modules/pending/discord_krisp-2.zip: 84%
4/26/2026, 2:48:33 AM GMT+5:30 [Modules] Streaming discord_krisp@2 to /home/rishav/.config/discord/0.0.134/modules/pending/discord_krisp-2.zip: 85%
4/26/2026, 2:48:33 AM GMT+5:30 [Modules] Streaming discord_krisp@2 to /home/rishav/.config/discord/0.0.134/modules/pending/discord_krisp-2.zip: 86%
4/26/2026, 2:48:33 AM GMT+5:30 [Modules] Streaming discord_krisp@2 to /home/rishav/.config/discord/0.0.134/modules/pending/discord_krisp-2.zip: 88%
4/26/2026, 2:48:33 AM GMT+5:30 [Modules] Streaming discord_krisp@2 to /home/rishav/.config/discord/0.0.134/modules/pending/discord_krisp-2.zip: 89%
4/26/2026, 2:48:33 AM GMT+5:30 [Modules] Streaming discord_krisp@2 to /home/rishav/.config/discord/0.0.134/modules/pending/discord_krisp-2.zip: 90%
4/26/2026, 2:48:33 AM GMT+5:30 [Modules] Streaming discord_krisp@2 to /home/rishav/.config/discord/0.0.134/modules/pending/discord_krisp-2.zip: 91%
4/26/2026, 2:48:33 AM GMT+5:30 [Modules] Streaming discord_krisp@2 to /home/rishav/.config/discord/0.0.134/modules/pending/discord_krisp-2.zip: 92%
4/26/2026, 2:48:33 AM GMT+5:30 [Modules] Streaming discord_krisp@2 to /home/rishav/.config/discord/0.0.134/modules/pending/discord_krisp-2.zip: 93%
4/26/2026, 2:48:33 AM GMT+5:30 [Modules] Streaming discord_krisp@2 to /home/rishav/.config/discord/0.0.134/modules/pending/discord_krisp-2.zip: 94%
4/26/2026, 2:48:33 AM GMT+5:30 [Modules] Streaming discord_krisp@2 to /home/rishav/.config/discord/0.0.134/modules/pending/discord_krisp-2.zip: 95%
4/26/2026, 2:48:33 AM GMT+5:30 [Modules] Streaming discord_krisp@2 to /home/rishav/.config/discord/0.0.134/modules/pending/discord_krisp-2.zip: 96%
4/26/2026, 2:48:33 AM GMT+5:30 [Modules] Streaming discord_krisp@2 to /home/rishav/.config/discord/0.0.134/modules/pending/discord_krisp-2.zip: 97%
4/26/2026, 2:48:33 AM GMT+5:30 [Modules] Streaming discord_krisp@2 to /home/rishav/.config/discord/0.0.134/modules/pending/discord_krisp-2.zip: 98%
4/26/2026, 2:48:33 AM GMT+5:30 [Modules] Streaming discord_krisp@2 to /home/rishav/.config/discord/0.0.134/modules/pending/discord_krisp-2.zip: 99%
4/26/2026, 2:48:33 AM GMT+5:30 [Modules] Streaming discord_krisp@2 to /home/rishav/.config/discord/0.0.134/modules/pending/discord_krisp-2.zip: 100%
4/26/2026, 2:48:33 AM GMT+5:30 [Modules] Fetching discord_game_utils@1 from https://discord.com/api/modules/stable/discord_game_utils/1
4/26/2026, 2:48:33 AM GMT+5:30 [Modules] Streaming discord_game_utils@1 to /home/rishav/.config/discord/0.0.134/modules/pending/discord_game_utils-1.zip
4/26/2026, 2:48:33 AM GMT+5:30 [Modules] Installing discord_krisp@2 from /home/rishav/.config/discord/0.0.134/modules/pending/discord_krisp-2.zip
4/26/2026, 2:48:34 AM GMT+5:30 [Modules] Finished module installations. [success: 1] [failure: 0]
4/26/2026, 2:48:34 AM GMT+5:30 [Modules] Streaming discord_game_utils@1 to /home/rishav/.config/discord/0.0.134/modules/pending/discord_game_utils-1.zip: 6%
4/26/2026, 2:48:34 AM GMT+5:30 [Modules] Streaming discord_game_utils@1 to /home/rishav/.config/discord/0.0.134/modules/pending/discord_game_utils-1.zip: 8%
4/26/2026, 2:48:34 AM GMT+5:30 [Modules] Streaming discord_game_utils@1 to /home/rishav/.config/discord/0.0.134/modules/pending/discord_game_utils-1.zip: 10%
4/26/2026, 2:48:34 AM GMT+5:30 [Modules] Streaming discord_game_utils@1 to /home/rishav/.config/discord/0.0.134/modules/pending/discord_game_utils-1.zip: 14%
4/26/2026, 2:48:34 AM GMT+5:30 [Modules] Streaming discord_game_utils@1 to /home/rishav/.config/discord/0.0.134/modules/pending/discord_game_utils-1.zip: 16%
4/26/2026, 2:48:34 AM GMT+5:30 [Modules] Streaming discord_game_utils@1 to /home/rishav/.config/discord/0.0.134/modules/pending/discord_game_utils-1.zip: 17%
4/26/2026, 2:48:34 AM GMT+5:30 [Modules] Streaming discord_game_utils@1 to /home/rishav/.config/discord/0.0.134/modules/pending/discord_game_utils-1.zip: 19%
4/26/2026, 2:48:34 AM GMT+5:30 [Modules] Streaming discord_game_utils@1 to /home/rishav/.config/discord/0.0.134/modules/pending/discord_game_utils-1.zip: 24%
4/26/2026, 2:48:34 AM GMT+5:30 [Modules] Streaming discord_game_utils@1 to /home/rishav/.config/discord/0.0.134/modules/pending/discord_game_utils-1.zip: 25%
4/26/2026, 2:48:34 AM GMT+5:30 [Modules] Streaming discord_game_utils@1 to /home/rishav/.config/discord/0.0.134/modules/pending/discord_game_utils-1.zip: 27%
4/26/2026, 2:48:34 AM GMT+5:30 [Modules] Streaming discord_game_utils@1 to /home/rishav/.config/discord/0.0.134/modules/pending/discord_game_utils-1.zip: 29%
4/26/2026, 2:48:34 AM GMT+5:30 [Modules] Streaming discord_game_utils@1 to /home/rishav/.config/discord/0.0.134/modules/pending/discord_game_utils-1.zip: 30%
4/26/2026, 2:48:34 AM GMT+5:30 [Modules] Streaming discord_game_utils@1 to /home/rishav/.config/discord/0.0.134/modules/pending/discord_game_utils-1.zip: 32%
4/26/2026, 2:48:34 AM GMT+5:30 [Modules] Streaming discord_game_utils@1 to /home/rishav/.config/discord/0.0.134/modules/pending/discord_game_utils-1.zip: 33%
4/26/2026, 2:48:34 AM GMT+5:30 [Modules] Streaming discord_game_utils@1 to /home/rishav/.config/discord/0.0.134/modules/pending/discord_game_utils-1.zip: 35%
4/26/2026, 2:48:34 AM GMT+5:30 [Modules] Streaming discord_game_utils@1 to /home/rishav/.config/discord/0.0.134/modules/pending/discord_game_utils-1.zip: 37%
4/26/2026, 2:48:34 AM GMT+5:30 [Modules] Streaming discord_game_utils@1 to /home/rishav/.config/discord/0.0.134/modules/pending/discord_game_utils-1.zip: 38%
4/26/2026, 2:48:34 AM GMT+5:30 [Modules] Streaming discord_game_utils@1 to /home/rishav/.config/discord/0.0.134/modules/pending/discord_game_utils-1.zip: 43%
4/26/2026, 2:48:34 AM GMT+5:30 [Modules] Streaming discord_game_utils@1 to /home/rishav/.config/discord/0.0.134/modules/pending/discord_game_utils-1.zip: 45%
4/26/2026, 2:48:34 AM GMT+5:30 [Modules] Streaming discord_game_utils@1 to /home/rishav/.config/discord/0.0.134/modules/pending/discord_game_utils-1.zip: 47%
4/26/2026, 2:48:34 AM GMT+5:30 [Modules] Streaming discord_game_utils@1 to /home/rishav/.config/discord/0.0.134/modules/pending/discord_game_utils-1.zip: 51%
4/26/2026, 2:48:34 AM GMT+5:30 [Modules] Streaming discord_game_utils@1 to /home/rishav/.config/discord/0.0.134/modules/pending/discord_game_utils-1.zip: 54%
4/26/2026, 2:48:34 AM GMT+5:30 [Modules] Streaming discord_game_utils@1 to /home/rishav/.config/discord/0.0.134/modules/pending/discord_game_utils-1.zip: 55%
4/26/2026, 2:48:34 AM GMT+5:30 [Modules] Streaming discord_game_utils@1 to /home/rishav/.config/discord/0.0.134/modules/pending/discord_game_utils-1.zip: 57%
4/26/2026, 2:48:34 AM GMT+5:30 [Modules] Streaming discord_game_utils@1 to /home/rishav/.config/discord/0.0.134/modules/pending/discord_game_utils-1.zip: 58%
4/26/2026, 2:48:34 AM GMT+5:30 [Modules] Streaming discord_game_utils@1 to /home/rishav/.config/discord/0.0.134/modules/pending/discord_game_utils-1.zip: 60%
4/26/2026, 2:48:34 AM GMT+5:30 [Modules] Streaming discord_game_utils@1 to /home/rishav/.config/discord/0.0.134/modules/pending/discord_game_utils-1.zip: 65%
4/26/2026, 2:48:34 AM GMT+5:30 [Modules] Streaming discord_game_utils@1 to /home/rishav/.config/discord/0.0.134/modules/pending/discord_game_utils-1.zip: 66%
4/26/2026, 2:48:34 AM GMT+5:30 [Modules] Streaming discord_game_utils@1 to /home/rishav/.config/discord/0.0.134/modules/pending/discord_game_utils-1.zip: 68%
4/26/2026, 2:48:34 AM GMT+5:30 [Modules] Streaming discord_game_utils@1 to /home/rishav/.config/discord/0.0.134/modules/pending/discord_game_utils-1.zip: 70%
4/26/2026, 2:48:34 AM GMT+5:30 [Modules] Streaming discord_game_utils@1 to /home/rishav/.config/discord/0.0.134/modules/pending/discord_game_utils-1.zip: 75%
4/26/2026, 2:48:34 AM GMT+5:30 [Modules] Streaming discord_game_utils@1 to /home/rishav/.config/discord/0.0.134/modules/pending/discord_game_utils-1.zip: 79%
4/26/2026, 2:48:34 AM GMT+5:30 [Modules] Streaming discord_game_utils@1 to /home/rishav/.config/discord/0.0.134/modules/pending/discord_game_utils-1.zip: 80%
4/26/2026, 2:48:34 AM GMT+5:30 [Modules] Streaming discord_game_utils@1 to /home/rishav/.config/discord/0.0.134/modules/pending/discord_game_utils-1.zip: 82%
4/26/2026, 2:48:34 AM GMT+5:30 [Modules] Streaming discord_game_utils@1 to /home/rishav/.config/discord/0.0.134/modules/pending/discord_game_utils-1.zip: 83%
4/26/2026, 2:48:34 AM GMT+5:30 [Modules] Streaming discord_game_utils@1 to /home/rishav/.config/discord/0.0.134/modules/pending/discord_game_utils-1.zip: 85%
4/26/2026, 2:48:34 AM GMT+5:30 [Modules] Streaming discord_game_utils@1 to /home/rishav/.config/discord/0.0.134/modules/pending/discord_game_utils-1.zip: 90%
4/26/2026, 2:48:34 AM GMT+5:30 [Modules] Streaming discord_game_utils@1 to /home/rishav/.config/discord/0.0.134/modules/pending/discord_game_utils-1.zip: 92%
4/26/2026, 2:48:34 AM GMT+5:30 [Modules] Streaming discord_game_utils@1 to /home/rishav/.config/discord/0.0.134/modules/pending/discord_game_utils-1.zip: 93%
4/26/2026, 2:48:34 AM GMT+5:30 [Modules] Streaming discord_game_utils@1 to /home/rishav/.config/discord/0.0.134/modules/pending/discord_game_utils-1.zip: 96%
4/26/2026, 2:48:34 AM GMT+5:30 [Modules] Streaming discord_game_utils@1 to /home/rishav/.config/discord/0.0.134/modules/pending/discord_game_utils-1.zip: 97%
4/26/2026, 2:48:34 AM GMT+5:30 [Modules] Streaming discord_game_utils@1 to /home/rishav/.config/discord/0.0.134/modules/pending/discord_game_utils-1.zip: 99%
4/26/2026, 2:48:34 AM GMT+5:30 [Modules] Streaming discord_game_utils@1 to /home/rishav/.config/discord/0.0.134/modules/pending/discord_game_utils-1.zip: 100%
4/26/2026, 2:48:34 AM GMT+5:30 [Modules] Fetching discord_rpc@1 from https://discord.com/api/modules/stable/discord_rpc/1
4/26/2026, 2:48:34 AM GMT+5:30 [Modules] Streaming discord_rpc@1 to /home/rishav/.config/discord/0.0.134/modules/pending/discord_rpc-1.zip
4/26/2026, 2:48:34 AM GMT+5:30 [Modules] Installing discord_game_utils@1 from /home/rishav/.config/discord/0.0.134/modules/pending/discord_game_utils-1.zip
4/26/2026, 2:48:34 AM GMT+5:30 [Modules] Finished module installations. [success: 1] [failure: 0]
4/26/2026, 2:48:34 AM GMT+5:30 [Modules] Streaming discord_rpc@1 to /home/rishav/.config/discord/0.0.134/modules/pending/discord_rpc-1.zip: 100%
4/26/2026, 2:48:34 AM GMT+5:30 [Modules] Finished module downloads. [success: 3] [failure: 0]
4/26/2026, 2:48:34 AM GMT+5:30 [Modules] Installing discord_rpc@1 from /home/rishav/.config/discord/0.0.134/modules/pending/discord_rpc-1.zip
4/26/2026, 2:48:34 AM GMT+5:30 [Modules] Finished module installations. [success: 1] [failure: 0]
4/26/2026, 2:51:27 AM GMT+5:30 [Modules] Checking for host updates.
4/26/2026, 2:51:28 AM GMT+5:30 [Modules] Host is up to date.
4/26/2026, 2:51:28 AM GMT+5:30 [Modules] Checking for module updates at https://discord.com/api/modules/stable/versions.json
4/26/2026, 2:51:28 AM GMT+5:30 [Modules] No module updates available.
4/27/2026, 11:15:05 PM GMT+5:30 [Modules] Modules initializing
4/27/2026, 11:15:05 PM GMT+5:30 [Modules] Distribution: remote
4/27/2026, 11:15:05 PM GMT+5:30 [Modules] Host updates: enabled
4/27/2026, 11:15:05 PM GMT+5:30 [Modules] Module updates: enabled
4/27/2026, 11:15:05 PM GMT+5:30 [Modules] Module install path: /home/rishav/.config/discord/0.0.134/modules
4/27/2026, 11:15:05 PM GMT+5:30 [Modules] Module installed file path: /home/rishav/.config/discord/0.0.134/modules/installed.json
4/27/2026, 11:15:05 PM GMT+5:30 [Modules] Module download path: /home/rishav/.config/discord/0.0.134/modules/pending
4/27/2026, 11:15:05 PM GMT+5:30 [Modules] No updates to install
4/27/2026, 11:15:05 PM GMT+5:30 [Modules] Checking for host updates.
4/27/2026, 11:15:06 PM GMT+5:30 [Modules] Host is up to date.
4/27/2026, 11:15:06 PM GMT+5:30 [Modules] Checking for module updates at https://discord.com/api/modules/stable/versions.json
4/27/2026, 11:15:06 PM GMT+5:30 [Modules] No module updates available.
4/27/2026, 11:15:16 PM GMT+5:30 [Modules] Checking for host updates.
4/27/2026, 11:15:16 PM GMT+5:30 [Modules] Host is up to date.
4/27/2026, 11:15:16 PM GMT+5:30 [Modules] Checking for module updates at https://discord.com/api/modules/stable/versions.json
4/27/2026, 11:15:16 PM GMT+5:30 [Modules] No module updates available.
4/28/2026, 6:25:08 PM GMT+5:30 [Modules] Modules initializing
4/28/2026, 6:25:08 PM GMT+5:30 [Modules] Distribution: remote
4/28/2026, 6:25:08 PM GMT+5:30 [Modules] Host updates: enabled
4/28/2026, 6:25:08 PM GMT+5:30 [Modules] Module updates: enabled
4/28/2026, 6:25:08 PM GMT+5:30 [Modules] Module install path: /home/rishav/.config/discord/0.0.134/modules
4/28/2026, 6:25:08 PM GMT+5:30 [Modules] Module installed file path: /home/rishav/.config/discord/0.0.134/modules/installed.json
4/28/2026, 6:25:08 PM GMT+5:30 [Modules] Module download path: /home/rishav/.config/discord/0.0.134/modules/pending
4/28/2026, 6:25:08 PM GMT+5:30 [Modules] No updates to install
4/28/2026, 6:25:08 PM GMT+5:30 [Modules] Checking for host updates.
4/28/2026, 6:25:08 PM GMT+5:30 [Modules] Host update is available. Manual update required!
4/28/2026, 6:25:18 PM GMT+5:30 [Modules] Modules initializing
4/28/2026, 6:25:18 PM GMT+5:30 [Modules] Distribution: remote
4/28/2026, 6:25:18 PM GMT+5:30 [Modules] Host updates: enabled
4/28/2026, 6:25:18 PM GMT+5:30 [Modules] Module updates: enabled
4/28/2026, 6:25:18 PM GMT+5:30 [Modules] Module install path: /home/rishav/.config/discord/0.0.134/modules
4/28/2026, 6:25:18 PM GMT+5:30 [Modules] Module installed file path: /home/rishav/.config/discord/0.0.134/modules/installed.json
4/28/2026, 6:25:18 PM GMT+5:30 [Modules] Module download path: /home/rishav/.config/discord/0.0.134/modules/pending
4/28/2026, 6:25:18 PM GMT+5:30 [Modules] No updates to install
4/28/2026, 6:25:18 PM GMT+5:30 [Modules] Checking for host updates.
4/28/2026, 6:25:19 PM GMT+5:30 [Modules] Host update is available. Manual update required!
4/28/2026, 6:28:10 PM GMT+5:30 [Modules] Modules initializing
4/28/2026, 6:28:10 PM GMT+5:30 [Modules] Distribution: remote
4/28/2026, 6:28:10 PM GMT+5:30 [Modules] Host updates: disabled
4/28/2026, 6:28:10 PM GMT+5:30 [Modules] Module updates: enabled
4/28/2026, 6:28:10 PM GMT+5:30 [Modules] Module install path: /home/rishav/.config/discord/0.0.134/modules
4/28/2026, 6:28:10 PM GMT+5:30 [Modules] Module installed file path: /home/rishav/.config/discord/0.0.134/modules/installed.json
4/28/2026, 6:28:10 PM GMT+5:30 [Modules] Module download path: /home/rishav/.config/discord/0.0.134/modules/pending
4/28/2026, 6:28:11 PM GMT+5:30 [Modules] No updates to install
4/28/2026, 6:28:11 PM GMT+5:30 [Modules] Host is up to date.
4/28/2026, 6:28:11 PM GMT+5:30 [Modules] Checking for module updates at https://discord.com/api/modules/stable/versions.json
4/28/2026, 6:28:11 PM GMT+5:30 [Modules] No module updates available.
4/28/2026, 6:28:16 PM GMT+5:30 [Modules] Host is up to date.
4/28/2026, 6:28:16 PM GMT+5:30 [Modules] Checking for module updates at https://discord.com/api/modules/stable/versions.json
4/28/2026, 6:28:16 PM GMT+5:30 [Modules] No module updates available.
5/2/2026, 11:31:07 PM GMT+5:30 [Modules] Modules initializing
5/2/2026, 11:31:07 PM GMT+5:30 [Modules] Distribution: remote
5/2/2026, 11:31:07 PM GMT+5:30 [Modules] Host updates: disabled
5/2/2026, 11:31:07 PM GMT+5:30 [Modules] Module updates: enabled
5/2/2026, 11:31:07 PM GMT+5:30 [Modules] Module install path: /home/rishav/.config/discord/0.0.135/modules
5/2/2026, 11:31:07 PM GMT+5:30 [Modules] Module installed file path: /home/rishav/.config/discord/0.0.135/modules/installed.json
5/2/2026, 11:31:07 PM GMT+5:30 [Modules] Module download path: /home/rishav/.config/discord/0.0.135/modules/pending
5/2/2026, 11:31:08 PM GMT+5:30 [Modules] Bootstrapping...
5/2/2026, 11:31:08 PM GMT+5:30 [Modules] Installing discord_desktop_core@0 from /opt/discord/resources/bootstrap/discord_desktop_core.zip
5/2/2026, 11:31:08 PM GMT+5:30 [Modules] Failed installing discord_desktop_core@0: Error: ENOENT: no such file or directory, open '/opt/discord/resources/bootstrap/discord_desktop_core.zip'
5/2/2026, 11:31:08 PM GMT+5:30 [Modules] Installing discord_erlpack@0 from /opt/discord/resources/bootstrap/discord_erlpack.zip
5/2/2026, 11:31:08 PM GMT+5:30 [Modules] Failed installing discord_erlpack@0: Error: ENOENT: no such file or directory, open '/opt/discord/resources/bootstrap/discord_erlpack.zip'
5/2/2026, 11:31:08 PM GMT+5:30 [Modules] Installing discord_spellcheck@0 from /opt/discord/resources/bootstrap/discord_spellcheck.zip
5/2/2026, 11:31:08 PM GMT+5:30 [Modules] Failed installing discord_spellcheck@0: Error: ENOENT: no such file or directory, open '/opt/discord/resources/bootstrap/discord_spellcheck.zip'
5/2/2026, 11:31:08 PM GMT+5:30 [Modules] Installing discord_utils@0 from /opt/discord/resources/bootstrap/discord_utils.zip
5/2/2026, 11:31:08 PM GMT+5:30 [Modules] Failed installing discord_utils@0: Error: ENOENT: no such file or directory, open '/opt/discord/resources/bootstrap/discord_utils.zip'
5/2/2026, 11:31:08 PM GMT+5:30 [Modules] Installing discord_voice@0 from /opt/discord/resources/bootstrap/discord_voice.zip
5/2/2026, 11:31:08 PM GMT+5:30 [Modules] Failed installing discord_voice@0: Error: ENOENT: no such file or directory, open '/opt/discord/resources/bootstrap/discord_voice.zip'
5/2/2026, 11:31:08 PM GMT+5:30 [Modules] Installing discord_zstd@0 from /opt/discord/resources/bootstrap/discord_zstd.zip
5/2/2026, 11:31:08 PM GMT+5:30 [Modules] Failed installing discord_zstd@0: Error: ENOENT: no such file or directory, open '/opt/discord/resources/bootstrap/discord_zstd.zip'
5/2/2026, 11:31:08 PM GMT+5:30 [Modules] Finished module installations. [success: 0] [failure: 6]
5/2/2026, 11:31:08 PM GMT+5:30 [Modules] Host is up to date.
5/2/2026, 11:31:08 PM GMT+5:30 [Modules] Checking for module updates at https://discord.com/api/modules/stable/versions.json
5/2/2026, 11:31:09 PM GMT+5:30 [Modules] Module update available: discord_desktop_core@1 [installed: 0]
5/2/2026, 11:31:09 PM GMT+5:30 [Modules] Module update available: discord_erlpack@1 [installed: 0]
5/2/2026, 11:31:09 PM GMT+5:30 [Modules] Module update available: discord_spellcheck@1 [installed: 0]
5/2/2026, 11:31:09 PM GMT+5:30 [Modules] Module update available: discord_utils@1 [installed: 0]
5/2/2026, 11:31:09 PM GMT+5:30 [Modules] Module update available: discord_voice@1 [installed: 0]
5/2/2026, 11:31:09 PM GMT+5:30 [Modules] Module update available: discord_zstd@1 [installed: 0]
5/2/2026, 11:31:09 PM GMT+5:30 [Modules] Fetching discord_desktop_core@1 from https://discord.com/api/modules/stable/discord_desktop_core/1
5/2/2026, 11:31:09 PM GMT+5:30 [Modules] Streaming discord_desktop_core@1 to /home/rishav/.config/discord/0.0.135/modules/pending/discord_desktop_core-1.zip
5/2/2026, 11:31:10 PM GMT+5:30 [Modules] Streaming discord_desktop_core@1 to /home/rishav/.config/discord/0.0.135/modules/pending/discord_desktop_core-1.zip: 1%
5/2/2026, 11:31:10 PM GMT+5:30 [Modules] Streaming discord_desktop_core@1 to /home/rishav/.config/discord/0.0.135/modules/pending/discord_desktop_core-1.zip: 2%
5/2/2026, 11:31:10 PM GMT+5:30 [Modules] Streaming discord_desktop_core@1 to /home/rishav/.config/discord/0.0.135/modules/pending/discord_desktop_core-1.zip: 3%
5/2/2026, 11:31:10 PM GMT+5:30 [Modules] Streaming discord_desktop_core@1 to /home/rishav/.config/discord/0.0.135/modules/pending/discord_desktop_core-1.zip: 4%
5/2/2026, 11:31:10 PM GMT+5:30 [Modules] Streaming discord_desktop_core@1 to /home/rishav/.config/discord/0.0.135/modules/pending/discord_desktop_core-1.zip: 5%
5/2/2026, 11:31:10 PM GMT+5:30 [Modules] Streaming discord_desktop_core@1 to /home/rishav/.config/discord/0.0.135/modules/pending/discord_desktop_core-1.zip: 6%
5/2/2026, 11:31:10 PM GMT+5:30 [Modules] Streaming discord_desktop_core@1 to /home/rishav/.config/discord/0.0.135/modules/pending/discord_desktop_core-1.zip: 7%
5/2/2026, 11:31:10 PM GMT+5:30 [Modules] Streaming discord_desktop_core@1 to /home/rishav/.config/discord/0.0.135/modules/pending/discord_desktop_core-1.zip: 8%
5/2/2026, 11:31:10 PM GMT+5:30 [Modules] Streaming discord_desktop_core@1 to /home/rishav/.config/discord/0.0.135/modules/pending/discord_desktop_core-1.zip: 9%
5/2/2026, 11:31:10 PM GMT+5:30 [Modules] Streaming discord_desktop_core@1 to /home/rishav/.config/discord/0.0.135/modules/pending/discord_desktop_core-1.zip: 10%
5/2/2026, 11:31:10 PM GMT+5:30 [Modules] Streaming discord_desktop_core@1 to /home/rishav/.config/discord/0.0.135/modules/pending/discord_desktop_core-1.zip: 13%
5/2/2026, 11:31:10 PM GMT+5:30 [Modules] Streaming discord_desktop_core@1 to /home/rishav/.config/discord/0.0.135/modules/pending/discord_desktop_core-1.zip: 14%
5/2/2026, 11:31:10 PM GMT+5:30 [Modules] Streaming discord_desktop_core@1 to /home/rishav/.config/discord/0.0.135/modules/pending/discord_desktop_core-1.zip: 15%
5/2/2026, 11:31:10 PM GMT+5:30 [Modules] Streaming discord_desktop_core@1 to /home/rishav/.config/discord/0.0.135/modules/pending/discord_desktop_core-1.zip: 16%
5/2/2026, 11:31:10 PM GMT+5:30 [Modules] Streaming discord_desktop_core@1 to /home/rishav/.config/discord/0.0.135/modules/pending/discord_desktop_core-1.zip: 17%
5/2/2026, 11:31:10 PM GMT+5:30 [Modules] Streaming discord_desktop_core@1 to /home/rishav/.config/discord/0.0.135/modules/pending/discord_desktop_core-1.zip: 18%
5/2/2026, 11:31:10 PM GMT+5:30 [Modules] Streaming discord_desktop_core@1 to /home/rishav/.config/discord/0.0.135/modules/pending/discord_desktop_core-1.zip: 19%
5/2/2026, 11:31:10 PM GMT+5:30 [Modules] Streaming discord_desktop_core@1 to /home/rishav/.config/discord/0.0.135/modules/pending/discord_desktop_core-1.zip: 20%
5/2/2026, 11:31:11 PM GMT+5:30 [Modules] Streaming discord_desktop_core@1 to /home/rishav/.config/discord/0.0.135/modules/pending/discord_desktop_core-1.zip: 21%
5/2/2026, 11:31:11 PM GMT+5:30 [Modules] Streaming discord_desktop_core@1 to /home/rishav/.config/discord/0.0.135/modules/pending/discord_desktop_core-1.zip: 23%
5/2/2026, 11:31:11 PM GMT+5:30 [Modules] Streaming discord_desktop_core@1 to /home/rishav/.config/discord/0.0.135/modules/pending/discord_desktop_core-1.zip: 24%
5/2/2026, 11:31:11 PM GMT+5:30 [Modules] Streaming discord_desktop_core@1 to /home/rishav/.config/discord/0.0.135/modules/pending/discord_desktop_core-1.zip: 25%
5/2/2026, 11:31:11 PM GMT+5:30 [Modules] Streaming discord_desktop_core@1 to /home/rishav/.config/discord/0.0.135/modules/pending/discord_desktop_core-1.zip: 27%
5/2/2026, 11:31:11 PM GMT+5:30 [Modules] Streaming discord_desktop_core@1 to /home/rishav/.config/discord/0.0.135/modules/pending/discord_desktop_core-1.zip: 35%
5/2/2026, 11:31:11 PM GMT+5:30 [Modules] Streaming discord_desktop_core@1 to /home/rishav/.config/discord/0.0.135/modules/pending/discord_desktop_core-1.zip: 36%
5/2/2026, 11:31:11 PM GMT+5:30 [Modules] Streaming discord_desktop_core@1 to /home/rishav/.config/discord/0.0.135/modules/pending/discord_desktop_core-1.zip: 37%
5/2/2026, 11:31:11 PM GMT+5:30 [Modules] Streaming discord_desktop_core@1 to /home/rishav/.config/discord/0.0.135/modules/pending/discord_desktop_core-1.zip: 39%
5/2/2026, 11:31:11 PM GMT+5:30 [Modules] Streaming discord_desktop_core@1 to /home/rishav/.config/discord/0.0.135/modules/pending/discord_desktop_core-1.zip: 47%
5/2/2026, 11:31:11 PM GMT+5:30 [Modules] Streaming discord_desktop_core@1 to /home/rishav/.config/discord/0.0.135/modules/pending/discord_desktop_core-1.zip: 48%
5/2/2026, 11:31:11 PM GMT+5:30 [Modules] Streaming discord_desktop_core@1 to /home/rishav/.config/discord/0.0.135/modules/pending/discord_desktop_core-1.zip: 49%
5/2/2026, 11:31:11 PM GMT+5:30 [Modules] Streaming discord_desktop_core@1 to /home/rishav/.config/discord/0.0.135/modules/pending/discord_desktop_core-1.zip: 50%
5/2/2026, 11:31:11 PM GMT+5:30 [Modules] Streaming discord_desktop_core@1 to /home/rishav/.config/discord/0.0.135/modules/pending/discord_desktop_core-1.zip: 51%
5/2/2026, 11:31:11 PM GMT+5:30 [Modules] Streaming discord_desktop_core@1 to /home/rishav/.config/discord/0.0.135/modules/pending/discord_desktop_core-1.zip: 52%
5/2/2026, 11:31:11 PM GMT+5:30 [Modules] Streaming discord_desktop_core@1 to /home/rishav/.config/discord/0.0.135/modules/pending/discord_desktop_core-1.zip: 53%
5/2/2026, 11:31:11 PM GMT+5:30 [Modules] Streaming discord_desktop_core@1 to /home/rishav/.config/discord/0.0.135/modules/pending/discord_desktop_core-1.zip: 54%
5/2/2026, 11:31:11 PM GMT+5:30 [Modules] Streaming discord_desktop_core@1 to /home/rishav/.config/discord/0.0.135/modules/pending/discord_desktop_core-1.zip: 55%
5/2/2026, 11:31:11 PM GMT+5:30 [Modules] Streaming discord_desktop_core@1 to /home/rishav/.config/discord/0.0.135/modules/pending/discord_desktop_core-1.zip: 56%
5/2/2026, 11:31:11 PM GMT+5:30 [Modules] Streaming discord_desktop_core@1 to /home/rishav/.config/discord/0.0.135/modules/pending/discord_desktop_core-1.zip: 57%
5/2/2026, 11:31:11 PM GMT+5:30 [Modules] Streaming discord_desktop_core@1 to /home/rishav/.config/discord/0.0.135/modules/pending/discord_desktop_core-1.zip: 58%
5/2/2026, 11:31:11 PM GMT+5:30 [Modules] Streaming discord_desktop_core@1 to /home/rishav/.config/discord/0.0.135/modules/pending/discord_desktop_core-1.zip: 59%
5/2/2026, 11:31:12 PM GMT+5:30 [Modules] Streaming discord_desktop_core@1 to /home/rishav/.config/discord/0.0.135/modules/pending/discord_desktop_core-1.zip: 60%
5/2/2026, 11:31:12 PM GMT+5:30 [Modules] Streaming discord_desktop_core@1 to /home/rishav/.config/discord/0.0.135/modules/pending/discord_desktop_core-1.zip: 61%
5/2/2026, 11:31:12 PM GMT+5:30 [Modules] Streaming discord_desktop_core@1 to /home/rishav/.config/discord/0.0.135/modules/pending/discord_desktop_core-1.zip: 63%
5/2/2026, 11:31:12 PM GMT+5:30 [Modules] Streaming discord_desktop_core@1 to /home/rishav/.config/discord/0.0.135/modules/pending/discord_desktop_core-1.zip: 64%
5/2/2026, 11:31:12 PM GMT+5:30 [Modules] Streaming discord_desktop_core@1 to /home/rishav/.config/discord/0.0.135/modules/pending/discord_desktop_core-1.zip: 65%
5/2/2026, 11:31:12 PM GMT+5:30 [Modules] Streaming discord_desktop_core@1 to /home/rishav/.config/discord/0.0.135/modules/pending/discord_desktop_core-1.zip: 66%
5/2/2026, 11:31:12 PM GMT+5:30 [Modules] Streaming discord_desktop_core@1 to /home/rishav/.config/discord/0.0.135/modules/pending/discord_desktop_core-1.zip: 67%
5/2/2026, 11:31:12 PM GMT+5:30 [Modules] Streaming discord_desktop_core@1 to /home/rishav/.config/discord/0.0.135/modules/pending/discord_desktop_core-1.zip: 68%
5/2/2026, 11:31:12 PM GMT+5:30 [Modules] Streaming discord_desktop_core@1 to /home/rishav/.config/discord/0.0.135/modules/pending/discord_desktop_core-1.zip: 69%
5/2/2026, 11:31:12 PM GMT+5:30 [Modules] Streaming discord_desktop_core@1 to /home/rishav/.config/discord/0.0.135/modules/pending/discord_desktop_core-1.zip: 70%
5/2/2026, 11:31:12 PM GMT+5:30 [Modules] Streaming discord_desktop_core@1 to /home/rishav/.config/discord/0.0.135/modules/pending/discord_desktop_core-1.zip: 71%
5/2/2026, 11:31:12 PM GMT+5:30 [Modules] Streaming discord_desktop_core@1 to /home/rishav/.config/discord/0.0.135/modules/pending/discord_desktop_core-1.zip: 72%
5/2/2026, 11:31:12 PM GMT+5:30 [Modules] Streaming discord_desktop_core@1 to /home/rishav/.config/discord/0.0.135/modules/pending/discord_desktop_core-1.zip: 73%
5/2/2026, 11:31:12 PM GMT+5:30 [Modules] Streaming discord_desktop_core@1 to /home/rishav/.config/discord/0.0.135/modules/pending/discord_desktop_core-1.zip: 74%
5/2/2026, 11:31:12 PM GMT+5:30 [Modules] Streaming discord_desktop_core@1 to /home/rishav/.config/discord/0.0.135/modules/pending/discord_desktop_core-1.zip: 75%
5/2/2026, 11:31:12 PM GMT+5:30 [Modules] Streaming discord_desktop_core@1 to /home/rishav/.config/discord/0.0.135/modules/pending/discord_desktop_core-1.zip: 76%
5/2/2026, 11:31:12 PM GMT+5:30 [Modules] Streaming discord_desktop_core@1 to /home/rishav/.config/discord/0.0.135/modules/pending/discord_desktop_core-1.zip: 77%
5/2/2026, 11:31:12 PM GMT+5:30 [Modules] Streaming discord_desktop_core@1 to /home/rishav/.config/discord/0.0.135/modules/pending/discord_desktop_core-1.zip: 78%
5/2/2026, 11:31:12 PM GMT+5:30 [Modules] Streaming discord_desktop_core@1 to /home/rishav/.config/discord/0.0.135/modules/pending/discord_desktop_core-1.zip: 79%
5/2/2026, 11:31:12 PM GMT+5:30 [Modules] Streaming discord_desktop_core@1 to /home/rishav/.config/discord/0.0.135/modules/pending/discord_desktop_core-1.zip: 80%
5/2/2026, 11:31:12 PM GMT+5:30 [Modules] Streaming discord_desktop_core@1 to /home/rishav/.config/discord/0.0.135/modules/pending/discord_desktop_core-1.zip: 81%
5/2/2026, 11:31:12 PM GMT+5:30 [Modules] Streaming discord_desktop_core@1 to /home/rishav/.config/discord/0.0.135/modules/pending/discord_desktop_core-1.zip: 82%
5/2/2026, 11:31:12 PM GMT+5:30 [Modules] Streaming discord_desktop_core@1 to /home/rishav/.config/discord/0.0.135/modules/pending/discord_desktop_core-1.zip: 83%
5/2/2026, 11:31:12 PM GMT+5:30 [Modules] Streaming discord_desktop_core@1 to /home/rishav/.config/discord/0.0.135/modules/pending/discord_desktop_core-1.zip: 84%
5/2/2026, 11:31:12 PM GMT+5:30 [Modules] Streaming discord_desktop_core@1 to /home/rishav/.config/discord/0.0.135/modules/pending/discord_desktop_core-1.zip: 85%
5/2/2026, 11:31:12 PM GMT+5:30 [Modules] Streaming discord_desktop_core@1 to /home/rishav/.config/discord/0.0.135/modules/pending/discord_desktop_core-1.zip: 86%
5/2/2026, 11:31:12 PM GMT+5:30 [Modules] Streaming discord_desktop_core@1 to /home/rishav/.config/discord/0.0.135/modules/pending/discord_desktop_core-1.zip: 87%
5/2/2026, 11:31:12 PM GMT+5:30 [Modules] Streaming discord_desktop_core@1 to /home/rishav/.config/discord/0.0.135/modules/pending/discord_desktop_core-1.zip: 88%
5/2/2026, 11:31:12 PM GMT+5:30 [Modules] Streaming discord_desktop_core@1 to /home/rishav/.config/discord/0.0.135/modules/pending/discord_desktop_core-1.zip: 89%
5/2/2026, 11:31:12 PM GMT+5:30 [Modules] Streaming discord_desktop_core@1 to /home/rishav/.config/discord/0.0.135/modules/pending/discord_desktop_core-1.zip: 90%
5/2/2026, 11:31:12 PM GMT+5:30 [Modules] Streaming discord_desktop_core@1 to /home/rishav/.config/discord/0.0.135/modules/pending/discord_desktop_core-1.zip: 91%
5/2/2026, 11:31:12 PM GMT+5:30 [Modules] Streaming discord_desktop_core@1 to /home/rishav/.config/discord/0.0.135/modules/pending/discord_desktop_core-1.zip: 92%
5/2/2026, 11:31:12 PM GMT+5:30 [Modules] Streaming discord_desktop_core@1 to /home/rishav/.config/discord/0.0.135/modules/pending/discord_desktop_core-1.zip: 93%
5/2/2026, 11:31:12 PM GMT+5:30 [Modules] Streaming discord_desktop_core@1 to /home/rishav/.config/discord/0.0.135/modules/pending/discord_desktop_core-1.zip: 94%
5/2/2026, 11:31:12 PM GMT+5:30 [Modules] Streaming discord_desktop_core@1 to /home/rishav/.config/discord/0.0.135/modules/pending/discord_desktop_core-1.zip: 95%
5/2/2026, 11:31:12 PM GMT+5:30 [Modules] Streaming discord_desktop_core@1 to /home/rishav/.config/discord/0.0.135/modules/pending/discord_desktop_core-1.zip: 97%
5/2/2026, 11:31:12 PM GMT+5:30 [Modules] Streaming discord_desktop_core@1 to /home/rishav/.config/discord/0.0.135/modules/pending/discord_desktop_core-1.zip: 98%
5/2/2026, 11:31:12 PM GMT+5:30 [Modules] Streaming discord_desktop_core@1 to /home/rishav/.config/discord/0.0.135/modules/pending/discord_desktop_core-1.zip: 100%
5/2/2026, 11:31:12 PM GMT+5:30 [Modules] Fetching discord_erlpack@1 from https://discord.com/api/modules/stable/discord_erlpack/1
5/2/2026, 11:31:12 PM GMT+5:30 [Modules] Streaming discord_erlpack@1 to /home/rishav/.config/discord/0.0.135/modules/pending/discord_erlpack-1.zip
5/2/2026, 11:31:13 PM GMT+5:30 [Modules] Streaming discord_erlpack@1 to /home/rishav/.config/discord/0.0.135/modules/pending/discord_erlpack-1.zip: 1%
5/2/2026, 11:31:13 PM GMT+5:30 [Modules] Streaming discord_erlpack@1 to /home/rishav/.config/discord/0.0.135/modules/pending/discord_erlpack-1.zip: 2%
5/2/2026, 11:31:13 PM GMT+5:30 [Modules] Streaming discord_erlpack@1 to /home/rishav/.config/discord/0.0.135/modules/pending/discord_erlpack-1.zip: 4%
5/2/2026, 11:31:13 PM GMT+5:30 [Modules] Streaming discord_erlpack@1 to /home/rishav/.config/discord/0.0.135/modules/pending/discord_erlpack-1.zip: 5%
5/2/2026, 11:31:13 PM GMT+5:30 [Modules] Streaming discord_erlpack@1 to /home/rishav/.config/discord/0.0.135/modules/pending/discord_erlpack-1.zip: 6%
5/2/2026, 11:31:13 PM GMT+5:30 [Modules] Streaming discord_erlpack@1 to /home/rishav/.config/discord/0.0.135/modules/pending/discord_erlpack-1.zip: 7%
5/2/2026, 11:31:13 PM GMT+5:30 [Modules] Streaming discord_erlpack@1 to /home/rishav/.config/discord/0.0.135/modules/pending/discord_erlpack-1.zip: 8%
5/2/2026, 11:31:13 PM GMT+5:30 [Modules] Streaming discord_erlpack@1 to /home/rishav/.config/discord/0.0.135/modules/pending/discord_erlpack-1.zip: 10%
5/2/2026, 11:31:13 PM GMT+5:30 [Modules] Streaming discord_erlpack@1 to /home/rishav/.config/discord/0.0.135/modules/pending/discord_erlpack-1.zip: 11%
5/2/2026, 11:31:13 PM GMT+5:30 [Modules] Streaming discord_erlpack@1 to /home/rishav/.config/discord/0.0.135/modules/pending/discord_erlpack-1.zip: 12%
5/2/2026, 11:31:13 PM GMT+5:30 [Modules] Streaming discord_erlpack@1 to /home/rishav/.config/discord/0.0.135/modules/pending/discord_erlpack-1.zip: 13%
5/2/2026, 11:31:13 PM GMT+5:30 [Modules] Streaming discord_erlpack@1 to /home/rishav/.config/discord/0.0.135/modules/pending/discord_erlpack-1.zip: 14%
5/2/2026, 11:31:13 PM GMT+5:30 [Modules] Streaming discord_erlpack@1 to /home/rishav/.config/discord/0.0.135/modules/pending/discord_erlpack-1.zip: 15%
5/2/2026, 11:31:13 PM GMT+5:30 [Modules] Streaming discord_erlpack@1 to /home/rishav/.config/discord/0.0.135/modules/pending/discord_erlpack-1.zip: 16%
5/2/2026, 11:31:13 PM GMT+5:30 [Modules] Streaming discord_erlpack@1 to /home/rishav/.config/discord/0.0.135/modules/pending/discord_erlpack-1.zip: 17%
5/2/2026, 11:31:13 PM GMT+5:30 [Modules] Streaming discord_erlpack@1 to /home/rishav/.config/discord/0.0.135/modules/pending/discord_erlpack-1.zip: 19%
5/2/2026, 11:31:13 PM GMT+5:30 [Modules] Streaming discord_erlpack@1 to /home/rishav/.config/discord/0.0.135/modules/pending/discord_erlpack-1.zip: 20%
5/2/2026, 11:31:13 PM GMT+5:30 [Modules] Streaming discord_erlpack@1 to /home/rishav/.config/discord/0.0.135/modules/pending/discord_erlpack-1.zip: 21%
5/2/2026, 11:31:13 PM GMT+5:30 [Modules] Streaming discord_erlpack@1 to /home/rishav/.config/discord/0.0.135/modules/pending/discord_erlpack-1.zip: 22%
5/2/2026, 11:31:13 PM GMT+5:30 [Modules] Streaming discord_erlpack@1 to /home/rishav/.config/discord/0.0.135/modules/pending/discord_erlpack-1.zip: 23%
5/2/2026, 11:31:13 PM GMT+5:30 [Modules] Streaming discord_erlpack@1 to /home/rishav/.config/discord/0.0.135/modules/pending/discord_erlpack-1.zip: 24%
5/2/2026, 11:31:13 PM GMT+5:30 [Modules] Streaming discord_erlpack@1 to /home/rishav/.config/discord/0.0.135/modules/pending/discord_erlpack-1.zip: 25%
5/2/2026, 11:31:13 PM GMT+5:30 [Modules] Streaming discord_erlpack@1 to /home/rishav/.config/discord/0.0.135/modules/pending/discord_erlpack-1.zip: 26%
5/2/2026, 11:31:14 PM GMT+5:30 [Modules] Streaming discord_erlpack@1 to /home/rishav/.config/discord/0.0.135/modules/pending/discord_erlpack-1.zip: 27%
5/2/2026, 11:31:14 PM GMT+5:30 [Modules] Streaming discord_erlpack@1 to /home/rishav/.config/discord/0.0.135/modules/pending/discord_erlpack-1.zip: 29%
5/2/2026, 11:31:14 PM GMT+5:30 [Modules] Streaming discord_erlpack@1 to /home/rishav/.config/discord/0.0.135/modules/pending/discord_erlpack-1.zip: 30%
5/2/2026, 11:31:14 PM GMT+5:30 [Modules] Streaming discord_erlpack@1 to /home/rishav/.config/discord/0.0.135/modules/pending/discord_erlpack-1.zip: 31%
5/2/2026, 11:31:14 PM GMT+5:30 [Modules] Streaming discord_erlpack@1 to /home/rishav/.config/discord/0.0.135/modules/pending/discord_erlpack-1.zip: 32%
5/2/2026, 11:31:14 PM GMT+5:30 [Modules] Streaming discord_erlpack@1 to /home/rishav/.config/discord/0.0.135/modules/pending/discord_erlpack-1.zip: 33%
5/2/2026, 11:31:14 PM GMT+5:30 [Modules] Streaming discord_erlpack@1 to /home/rishav/.config/discord/0.0.135/modules/pending/discord_erlpack-1.zip: 34%
5/2/2026, 11:31:14 PM GMT+5:30 [Modules] Streaming discord_erlpack@1 to /home/rishav/.config/discord/0.0.135/modules/pending/discord_erlpack-1.zip: 35%
5/2/2026, 11:31:14 PM GMT+5:30 [Modules] Streaming discord_erlpack@1 to /home/rishav/.config/discord/0.0.135/modules/pending/discord_erlpack-1.zip: 36%
5/2/2026, 11:31:14 PM GMT+5:30 [Modules] Streaming discord_erlpack@1 to /home/rishav/.config/discord/0.0.135/modules/pending/discord_erlpack-1.zip: 37%
5/2/2026, 11:31:14 PM GMT+5:30 [Modules] Streaming discord_erlpack@1 to /home/rishav/.config/discord/0.0.135/modules/pending/discord_erlpack-1.zip: 38%
5/2/2026, 11:31:14 PM GMT+5:30 [Modules] Streaming discord_erlpack@1 to /home/rishav/.config/discord/0.0.135/modules/pending/discord_erlpack-1.zip: 39%
5/2/2026, 11:31:14 PM GMT+5:30 [Modules] Streaming discord_erlpack@1 to /home/rishav/.config/discord/0.0.135/modules/pending/discord_erlpack-1.zip: 40%
5/2/2026, 11:31:14 PM GMT+5:30 [Modules] Streaming discord_erlpack@1 to /home/rishav/.config/discord/0.0.135/modules/pending/discord_erlpack-1.zip: 42%
5/2/2026, 11:31:14 PM GMT+5:30 [Modules] Streaming discord_erlpack@1 to /home/rishav/.config/discord/0.0.135/modules/pending/discord_erlpack-1.zip: 43%
5/2/2026, 11:31:14 PM GMT+5:30 [Modules] Streaming discord_erlpack@1 to /home/rishav/.config/discord/0.0.135/modules/pending/discord_erlpack-1.zip: 44%
5/2/2026, 11:31:14 PM GMT+5:30 [Modules] Streaming discord_erlpack@1 to /home/rishav/.config/discord/0.0.135/modules/pending/discord_erlpack-1.zip: 45%
5/2/2026, 11:31:14 PM GMT+5:30 [Modules] Streaming discord_erlpack@1 to /home/rishav/.config/discord/0.0.135/modules/pending/discord_erlpack-1.zip: 46%
5/2/2026, 11:31:14 PM GMT+5:30 [Modules] Streaming discord_erlpack@1 to /home/rishav/.config/discord/0.0.135/modules/pending/discord_erlpack-1.zip: 47%
5/2/2026, 11:31:14 PM GMT+5:30 [Modules] Streaming discord_erlpack@1 to /home/rishav/.config/discord/0.0.135/modules/pending/discord_erlpack-1.zip: 48%
5/2/2026, 11:31:14 PM GMT+5:30 [Modules] Streaming discord_erlpack@1 to /home/rishav/.config/discord/0.0.135/modules/pending/discord_erlpack-1.zip: 49%
5/2/2026, 11:31:14 PM GMT+5:30 [Modules] Streaming discord_erlpack@1 to /home/rishav/.config/discord/0.0.135/modules/pending/discord_erlpack-1.zip: 50%
5/2/2026, 11:31:14 PM GMT+5:30 [Modules] Streaming discord_erlpack@1 to /home/rishav/.config/discord/0.0.135/modules/pending/discord_erlpack-1.zip: 51%
5/2/2026, 11:31:14 PM GMT+5:30 [Modules] Streaming discord_erlpack@1 to /home/rishav/.config/discord/0.0.135/modules/pending/discord_erlpack-1.zip: 52%
5/2/2026, 11:31:14 PM GMT+5:30 [Modules] Streaming discord_erlpack@1 to /home/rishav/.config/discord/0.0.135/modules/pending/discord_erlpack-1.zip: 53%
5/2/2026, 11:31:14 PM GMT+5:30 [Modules] Streaming discord_erlpack@1 to /home/rishav/.config/discord/0.0.135/modules/pending/discord_erlpack-1.zip: 54%
5/2/2026, 11:31:14 PM GMT+5:30 [Modules] Streaming discord_erlpack@1 to /home/rishav/.config/discord/0.0.135/modules/pending/discord_erlpack-1.zip: 55%
5/2/2026, 11:31:14 PM GMT+5:30 [Modules] Streaming discord_erlpack@1 to /home/rishav/.config/discord/0.0.135/modules/pending/discord_erlpack-1.zip: 56%
5/2/2026, 11:31:14 PM GMT+5:30 [Modules] Streaming discord_erlpack@1 to /home/rishav/.config/discord/0.0.135/modules/pending/discord_erlpack-1.zip: 57%
5/2/2026, 11:31:14 PM GMT+5:30 [Modules] Streaming discord_erlpack@1 to /home/rishav/.config/discord/0.0.135/modules/pending/discord_erlpack-1.zip: 58%
5/2/2026, 11:31:14 PM GMT+5:30 [Modules] Streaming discord_erlpack@1 to /home/rishav/.config/discord/0.0.135/modules/pending/discord_erlpack-1.zip: 59%
5/2/2026, 11:31:14 PM GMT+5:30 [Modules] Streaming discord_erlpack@1 to /home/rishav/.config/discord/0.0.135/modules/pending/discord_erlpack-1.zip: 60%
5/2/2026, 11:31:14 PM GMT+5:30 [Modules] Streaming discord_erlpack@1 to /home/rishav/.config/discord/0.0.135/modules/pending/discord_erlpack-1.zip: 61%
5/2/2026, 11:31:14 PM GMT+5:30 [Modules] Streaming discord_erlpack@1 to /home/rishav/.config/discord/0.0.135/modules/pending/discord_erlpack-1.zip: 62%
5/2/2026, 11:31:14 PM GMT+5:30 [Modules] Streaming discord_erlpack@1 to /home/rishav/.config/discord/0.0.135/modules/pending/discord_erlpack-1.zip: 63%
5/2/2026, 11:31:14 PM GMT+5:30 [Modules] Streaming discord_erlpack@1 to /home/rishav/.config/discord/0.0.135/modules/pending/discord_erlpack-1.zip: 64%
5/2/2026, 11:31:14 PM GMT+5:30 [Modules] Streaming discord_erlpack@1 to /home/rishav/.config/discord/0.0.135/modules/pending/discord_erlpack-1.zip: 65%
5/2/2026, 11:31:14 PM GMT+5:30 [Modules] Streaming discord_erlpack@1 to /home/rishav/.config/discord/0.0.135/modules/pending/discord_erlpack-1.zip: 66%
5/2/2026, 11:31:14 PM GMT+5:30 [Modules] Streaming discord_erlpack@1 to /home/rishav/.config/discord/0.0.135/modules/pending/discord_erlpack-1.zip: 67%
5/2/2026, 11:31:14 PM GMT+5:30 [Modules] Streaming discord_erlpack@1 to /home/rishav/.config/discord/0.0.135/modules/pending/discord_erlpack-1.zip: 68%
5/2/2026, 11:31:14 PM GMT+5:30 [Modules] Streaming discord_erlpack@1 to /home/rishav/.config/discord/0.0.135/modules/pending/discord_erlpack-1.zip: 69%
5/2/2026, 11:31:14 PM GMT+5:30 [Modules] Streaming discord_erlpack@1 to /home/rishav/.config/discord/0.0.135/modules/pending/discord_erlpack-1.zip: 70%
5/2/2026, 11:31:14 PM GMT+5:30 [Modules] Streaming discord_erlpack@1 to /home/rishav/.config/discord/0.0.135/modules/pending/discord_erlpack-1.zip: 71%
5/2/2026, 11:31:15 PM GMT+5:30 [Modules] Streaming discord_erlpack@1 to /home/rishav/.config/discord/0.0.135/modules/pending/discord_erlpack-1.zip: 72%
5/2/2026, 11:31:15 PM GMT+5:30 [Modules] Streaming discord_erlpack@1 to /home/rishav/.config/discord/0.0.135/modules/pending/discord_erlpack-1.zip: 73%
5/2/2026, 11:31:15 PM GMT+5:30 [Modules] Streaming discord_erlpack@1 to /home/rishav/.config/discord/0.0.135/modules/pending/discord_erlpack-1.zip: 74%
5/2/2026, 11:31:15 PM GMT+5:30 [Modules] Streaming discord_erlpack@1 to /home/rishav/.config/discord/0.0.135/modules/pending/discord_erlpack-1.zip: 75%
5/2/2026, 11:31:15 PM GMT+5:30 [Modules] Streaming discord_erlpack@1 to /home/rishav/.config/discord/0.0.135/modules/pending/discord_erlpack-1.zip: 76%
5/2/2026, 11:31:15 PM GMT+5:30 [Modules] Streaming discord_erlpack@1 to /home/rishav/.config/discord/0.0.135/modules/pending/discord_erlpack-1.zip: 77%
5/2/2026, 11:31:15 PM GMT+5:30 [Modules] Streaming discord_erlpack@1 to /home/rishav/.config/discord/0.0.135/modules/pending/discord_erlpack-1.zip: 78%
5/2/2026, 11:31:15 PM GMT+5:30 [Modules] Streaming discord_erlpack@1 to /home/rishav/.config/discord/0.0.135/modules/pending/discord_erlpack-1.zip: 79%
5/2/2026, 11:31:15 PM GMT+5:30 [Modules] Streaming discord_erlpack@1 to /home/rishav/.config/discord/0.0.135/modules/pending/discord_erlpack-1.zip: 80%
5/2/2026, 11:31:15 PM GMT+5:30 [Modules] Streaming discord_erlpack@1 to /home/rishav/.config/discord/0.0.135/modules/pending/discord_erlpack-1.zip: 81%
5/2/2026, 11:31:15 PM GMT+5:30 [Modules] Streaming discord_erlpack@1 to /home/rishav/.config/discord/0.0.135/modules/pending/discord_erlpack-1.zip: 82%
5/2/2026, 11:31:15 PM GMT+5:30 [Modules] Streaming discord_erlpack@1 to /home/rishav/.config/discord/0.0.135/modules/pending/discord_erlpack-1.zip: 83%
5/2/2026, 11:31:15 PM GMT+5:30 [Modules] Streaming discord_erlpack@1 to /home/rishav/.config/discord/0.0.135/modules/pending/discord_erlpack-1.zip: 84%
5/2/2026, 11:31:15 PM GMT+5:30 [Modules] Streaming discord_erlpack@1 to /home/rishav/.config/discord/0.0.135/modules/pending/discord_erlpack-1.zip: 85%
5/2/2026, 11:31:15 PM GMT+5:30 [Modules] Streaming discord_erlpack@1 to /home/rishav/.config/discord/0.0.135/modules/pending/discord_erlpack-1.zip: 86%
5/2/2026, 11:31:15 PM GMT+5:30 [Modules] Streaming discord_erlpack@1 to /home/rishav/.config/discord/0.0.135/modules/pending/discord_erlpack-1.zip: 87%
5/2/2026, 11:31:15 PM GMT+5:30 [Modules] Streaming discord_erlpack@1 to /home/rishav/.config/discord/0.0.135/modules/pending/discord_erlpack-1.zip: 88%
5/2/2026, 11:31:15 PM GMT+5:30 [Modules] Streaming discord_erlpack@1 to /home/rishav/.config/discord/0.0.135/modules/pending/discord_erlpack-1.zip: 89%
5/2/2026, 11:31:15 PM GMT+5:30 [Modules] Streaming discord_erlpack@1 to /home/rishav/.config/discord/0.0.135/modules/pending/discord_erlpack-1.zip: 90%
5/2/2026, 11:31:15 PM GMT+5:30 [Modules] Streaming discord_erlpack@1 to /home/rishav/.config/discord/0.0.135/modules/pending/discord_erlpack-1.zip: 92%
5/2/2026, 11:31:15 PM GMT+5:30 [Modules] Streaming discord_erlpack@1 to /home/rishav/.config/discord/0.0.135/modules/pending/discord_erlpack-1.zip: 93%
5/2/2026, 11:31:15 PM GMT+5:30 [Modules] Streaming discord_erlpack@1 to /home/rishav/.config/discord/0.0.135/modules/pending/discord_erlpack-1.zip: 94%
5/2/2026, 11:31:15 PM GMT+5:30 [Modules] Streaming discord_erlpack@1 to /home/rishav/.config/discord/0.0.135/modules/pending/discord_erlpack-1.zip: 95%
5/2/2026, 11:31:15 PM GMT+5:30 [Modules] Streaming discord_erlpack@1 to /home/rishav/.config/discord/0.0.135/modules/pending/discord_erlpack-1.zip: 96%
5/2/2026, 11:31:15 PM GMT+5:30 [Modules] Streaming discord_erlpack@1 to /home/rishav/.config/discord/0.0.135/modules/pending/discord_erlpack-1.zip: 97%
5/2/2026, 11:31:15 PM GMT+5:30 [Modules] Streaming discord_erlpack@1 to /home/rishav/.config/discord/0.0.135/modules/pending/discord_erlpack-1.zip: 98%
5/2/2026, 11:31:15 PM GMT+5:30 [Modules] Streaming discord_erlpack@1 to /home/rishav/.config/discord/0.0.135/modules/pending/discord_erlpack-1.zip: 100%
5/2/2026, 11:31:15 PM GMT+5:30 [Modules] Fetching discord_spellcheck@1 from https://discord.com/api/modules/stable/discord_spellcheck/1
5/2/2026, 11:31:15 PM GMT+5:30 [Modules] Streaming discord_spellcheck@1 to /home/rishav/.config/discord/0.0.135/modules/pending/discord_spellcheck-1.zip
5/2/2026, 11:31:16 PM GMT+5:30 [Modules] Streaming discord_spellcheck@1 to /home/rishav/.config/discord/0.0.135/modules/pending/discord_spellcheck-1.zip: 1%
5/2/2026, 11:31:16 PM GMT+5:30 [Modules] Streaming discord_spellcheck@1 to /home/rishav/.config/discord/0.0.135/modules/pending/discord_spellcheck-1.zip: 2%
5/2/2026, 11:31:16 PM GMT+5:30 [Modules] Streaming discord_spellcheck@1 to /home/rishav/.config/discord/0.0.135/modules/pending/discord_spellcheck-1.zip: 3%
5/2/2026, 11:31:16 PM GMT+5:30 [Modules] Streaming discord_spellcheck@1 to /home/rishav/.config/discord/0.0.135/modules/pending/discord_spellcheck-1.zip: 4%
5/2/2026, 11:31:16 PM GMT+5:30 [Modules] Streaming discord_spellcheck@1 to /home/rishav/.config/discord/0.0.135/modules/pending/discord_spellcheck-1.zip: 5%
5/2/2026, 11:31:16 PM GMT+5:30 [Modules] Streaming discord_spellcheck@1 to /home/rishav/.config/discord/0.0.135/modules/pending/discord_spellcheck-1.zip: 6%
5/2/2026, 11:31:16 PM GMT+5:30 [Modules] Streaming discord_spellcheck@1 to /home/rishav/.config/discord/0.0.135/modules/pending/discord_spellcheck-1.zip: 7%
5/2/2026, 11:31:16 PM GMT+5:30 [Modules] Streaming discord_spellcheck@1 to /home/rishav/.config/discord/0.0.135/modules/pending/discord_spellcheck-1.zip: 8%
5/2/2026, 11:31:16 PM GMT+5:30 [Modules] Streaming discord_spellcheck@1 to /home/rishav/.config/discord/0.0.135/modules/pending/discord_spellcheck-1.zip: 9%
5/2/2026, 11:31:17 PM GMT+5:30 [Modules] Streaming discord_spellcheck@1 to /home/rishav/.config/discord/0.0.135/modules/pending/discord_spellcheck-1.zip: 10%
5/2/2026, 11:31:17 PM GMT+5:30 [Modules] Streaming discord_spellcheck@1 to /home/rishav/.config/discord/0.0.135/modules/pending/discord_spellcheck-1.zip: 11%
5/2/2026, 11:31:17 PM GMT+5:30 [Modules] Streaming discord_spellcheck@1 to /home/rishav/.config/discord/0.0.135/modules/pending/discord_spellcheck-1.zip: 12%
5/2/2026, 11:31:17 PM GMT+5:30 [Modules] Streaming discord_spellcheck@1 to /home/rishav/.config/discord/0.0.135/modules/pending/discord_spellcheck-1.zip: 13%
5/2/2026, 11:31:17 PM GMT+5:30 [Modules] Streaming discord_spellcheck@1 to /home/rishav/.config/discord/0.0.135/modules/pending/discord_spellcheck-1.zip: 14%
5/2/2026, 11:31:17 PM GMT+5:30 [Modules] Streaming discord_spellcheck@1 to /home/rishav/.config/discord/0.0.135/modules/pending/discord_spellcheck-1.zip: 15%
5/2/2026, 11:31:17 PM GMT+5:30 [Modules] Streaming discord_spellcheck@1 to /home/rishav/.config/discord/0.0.135/modules/pending/discord_spellcheck-1.zip: 16%
5/2/2026, 11:31:17 PM GMT+5:30 [Modules] Streaming discord_spellcheck@1 to /home/rishav/.config/discord/0.0.135/modules/pending/discord_spellcheck-1.zip: 17%
5/2/2026, 11:31:17 PM GMT+5:30 [Modules] Streaming discord_spellcheck@1 to /home/rishav/.config/discord/0.0.135/modules/pending/discord_spellcheck-1.zip: 18%
5/2/2026, 11:31:17 PM GMT+5:30 [Modules] Streaming discord_spellcheck@1 to /home/rishav/.config/discord/0.0.135/modules/pending/discord_spellcheck-1.zip: 19%
5/2/2026, 11:31:17 PM GMT+5:30 [Modules] Streaming discord_spellcheck@1 to /home/rishav/.config/discord/0.0.135/modules/pending/discord_spellcheck-1.zip: 20%
5/2/2026, 11:31:18 PM GMT+5:30 [Modules] Streaming discord_spellcheck@1 to /home/rishav/.config/discord/0.0.135/modules/pending/discord_spellcheck-1.zip: 21%
5/2/2026, 11:31:18 PM GMT+5:30 [Modules] Streaming discord_spellcheck@1 to /home/rishav/.config/discord/0.0.135/modules/pending/discord_spellcheck-1.zip: 22%
5/2/2026, 11:31:18 PM GMT+5:30 [Modules] Streaming discord_spellcheck@1 to /home/rishav/.config/discord/0.0.135/modules/pending/discord_spellcheck-1.zip: 23%
5/2/2026, 11:31:18 PM GMT+5:30 [Modules] Streaming discord_spellcheck@1 to /home/rishav/.config/discord/0.0.135/modules/pending/discord_spellcheck-1.zip: 24%
5/2/2026, 11:31:18 PM GMT+5:30 [Modules] Streaming discord_spellcheck@1 to /home/rishav/.config/discord/0.0.135/modules/pending/discord_spellcheck-1.zip: 25%
5/2/2026, 11:31:18 PM GMT+5:30 [Modules] Streaming discord_spellcheck@1 to /home/rishav/.config/discord/0.0.135/modules/pending/discord_spellcheck-1.zip: 26%
5/2/2026, 11:31:18 PM GMT+5:30 [Modules] Streaming discord_spellcheck@1 to /home/rishav/.config/discord/0.0.135/modules/pending/discord_spellcheck-1.zip: 27%
5/2/2026, 11:31:18 PM GMT+5:30 [Modules] Streaming discord_spellcheck@1 to /home/rishav/.config/discord/0.0.135/modules/pending/discord_spellcheck-1.zip: 29%
5/2/2026, 11:31:18 PM GMT+5:30 [Modules] Streaming discord_spellcheck@1 to /home/rishav/.config/discord/0.0.135/modules/pending/discord_spellcheck-1.zip: 30%
5/2/2026, 11:31:18 PM GMT+5:30 [Modules] Streaming discord_spellcheck@1 to /home/rishav/.config/discord/0.0.135/modules/pending/discord_spellcheck-1.zip: 31%
5/2/2026, 11:31:18 PM GMT+5:30 [Modules] Streaming discord_spellcheck@1 to /home/rishav/.config/discord/0.0.135/modules/pending/discord_spellcheck-1.zip: 32%
5/2/2026, 11:31:18 PM GMT+5:30 [Modules] Streaming discord_spellcheck@1 to /home/rishav/.config/discord/0.0.135/modules/pending/discord_spellcheck-1.zip: 33%
5/2/2026, 11:31:19 PM GMT+5:30 [Modules] Streaming discord_spellcheck@1 to /home/rishav/.config/discord/0.0.135/modules/pending/discord_spellcheck-1.zip: 34%
5/2/2026, 11:31:19 PM GMT+5:30 [Modules] Streaming discord_spellcheck@1 to /home/rishav/.config/discord/0.0.135/modules/pending/discord_spellcheck-1.zip: 35%
5/2/2026, 11:31:19 PM GMT+5:30 [Modules] Streaming discord_spellcheck@1 to /home/rishav/.config/discord/0.0.135/modules/pending/discord_spellcheck-1.zip: 36%
5/2/2026, 11:31:19 PM GMT+5:30 [Modules] Streaming discord_spellcheck@1 to /home/rishav/.config/discord/0.0.135/modules/pending/discord_spellcheck-1.zip: 37%
5/2/2026, 11:31:19 PM GMT+5:30 [Modules] Streaming discord_spellcheck@1 to /home/rishav/.config/discord/0.0.135/modules/pending/discord_spellcheck-1.zip: 38%
5/2/2026, 11:31:19 PM GMT+5:30 [Modules] Streaming discord_spellcheck@1 to /home/rishav/.config/discord/0.0.135/modules/pending/discord_spellcheck-1.zip: 39%
5/2/2026, 11:31:19 PM GMT+5:30 [Modules] Streaming discord_spellcheck@1 to /home/rishav/.config/discord/0.0.135/modules/pending/discord_spellcheck-1.zip: 41%
5/2/2026, 11:31:19 PM GMT+5:30 [Modules] Streaming discord_spellcheck@1 to /home/rishav/.config/discord/0.0.135/modules/pending/discord_spellcheck-1.zip: 42%
5/2/2026, 11:31:20 PM GMT+5:30 [Modules] Streaming discord_spellcheck@1 to /home/rishav/.config/discord/0.0.135/modules/pending/discord_spellcheck-1.zip: 43%
5/2/2026, 11:31:20 PM GMT+5:30 [Modules] Streaming discord_spellcheck@1 to /home/rishav/.config/discord/0.0.135/modules/pending/discord_spellcheck-1.zip: 45%
5/2/2026, 11:31:20 PM GMT+5:30 [Modules] Streaming discord_spellcheck@1 to /home/rishav/.config/discord/0.0.135/modules/pending/discord_spellcheck-1.zip: 46%
5/2/2026, 11:31:20 PM GMT+5:30 [Modules] Streaming discord_spellcheck@1 to /home/rishav/.config/discord/0.0.135/modules/pending/discord_spellcheck-1.zip: 47%
5/2/2026, 11:31:20 PM GMT+5:30 [Modules] Streaming discord_spellcheck@1 to /home/rishav/.config/discord/0.0.135/modules/pending/discord_spellcheck-1.zip: 48%
5/2/2026, 11:31:20 PM GMT+5:30 [Modules] Streaming discord_spellcheck@1 to /home/rishav/.config/discord/0.0.135/modules/pending/discord_spellcheck-1.zip: 49%
5/2/2026, 11:31:20 PM GMT+5:30 [Modules] Streaming discord_spellcheck@1 to /home/rishav/.config/discord/0.0.135/modules/pending/discord_spellcheck-1.zip: 50%
5/2/2026, 11:31:20 PM GMT+5:30 [Modules] Streaming discord_spellcheck@1 to /home/rishav/.config/discord/0.0.135/modules/pending/discord_spellcheck-1.zip: 51%
5/2/2026, 11:31:20 PM GMT+5:30 [Modules] Streaming discord_spellcheck@1 to /home/rishav/.config/discord/0.0.135/modules/pending/discord_spellcheck-1.zip: 52%
5/2/2026, 11:31:20 PM GMT+5:30 [Modules] Streaming discord_spellcheck@1 to /home/rishav/.config/discord/0.0.135/modules/pending/discord_spellcheck-1.zip: 53%
5/2/2026, 11:31:20 PM GMT+5:30 [Modules] Streaming discord_spellcheck@1 to /home/rishav/.config/discord/0.0.135/modules/pending/discord_spellcheck-1.zip: 54%
5/2/2026, 11:31:21 PM GMT+5:30 [Modules] Streaming discord_spellcheck@1 to /home/rishav/.config/discord/0.0.135/modules/pending/discord_spellcheck-1.zip: 55%
5/2/2026, 11:31:21 PM GMT+5:30 [Modules] Streaming discord_spellcheck@1 to /home/rishav/.config/discord/0.0.135/modules/pending/discord_spellcheck-1.zip: 56%
5/2/2026, 11:31:21 PM GMT+5:30 [Modules] Streaming discord_spellcheck@1 to /home/rishav/.config/discord/0.0.135/modules/pending/discord_spellcheck-1.zip: 57%
5/2/2026, 11:31:21 PM GMT+5:30 [Modules] Streaming discord_spellcheck@1 to /home/rishav/.config/discord/0.0.135/modules/pending/discord_spellcheck-1.zip: 58%
5/2/2026, 11:31:21 PM GMT+5:30 [Modules] Streaming discord_spellcheck@1 to /home/rishav/.config/discord/0.0.135/modules/pending/discord_spellcheck-1.zip: 59%
5/2/2026, 11:31:21 PM GMT+5:30 [Modules] Streaming discord_spellcheck@1 to /home/rishav/.config/discord/0.0.135/modules/pending/discord_spellcheck-1.zip: 60%
5/2/2026, 11:31:21 PM GMT+5:30 [Modules] Streaming discord_spellcheck@1 to /home/rishav/.config/discord/0.0.135/modules/pending/discord_spellcheck-1.zip: 61%
5/2/2026, 11:31:21 PM GMT+5:30 [Modules] Streaming discord_spellcheck@1 to /home/rishav/.config/discord/0.0.135/modules/pending/discord_spellcheck-1.zip: 62%
5/2/2026, 11:31:21 PM GMT+5:30 [Modules] Streaming discord_spellcheck@1 to /home/rishav/.config/discord/0.0.135/modules/pending/discord_spellcheck-1.zip: 63%
5/2/2026, 11:31:21 PM GMT+5:30 [Modules] Streaming discord_spellcheck@1 to /home/rishav/.config/discord/0.0.135/modules/pending/discord_spellcheck-1.zip: 65%
5/2/2026, 11:31:22 PM GMT+5:30 [Modules] Streaming discord_spellcheck@1 to /home/rishav/.config/discord/0.0.135/modules/pending/discord_spellcheck-1.zip: 66%
5/2/2026, 11:31:22 PM GMT+5:30 [Modules] Streaming discord_spellcheck@1 to /home/rishav/.config/discord/0.0.135/modules/pending/discord_spellcheck-1.zip: 67%
5/2/2026, 11:31:22 PM GMT+5:30 [Modules] Streaming discord_spellcheck@1 to /home/rishav/.config/discord/0.0.135/modules/pending/discord_spellcheck-1.zip: 68%
5/2/2026, 11:31:22 PM GMT+5:30 [Modules] Streaming discord_spellcheck@1 to /home/rishav/.config/discord/0.0.135/modules/pending/discord_spellcheck-1.zip: 69%
5/2/2026, 11:31:22 PM GMT+5:30 [Modules] Streaming discord_spellcheck@1 to /home/rishav/.config/discord/0.0.135/modules/pending/discord_spellcheck-1.zip: 70%
5/2/2026, 11:31:22 PM GMT+5:30 [Modules] Streaming discord_spellcheck@1 to /home/rishav/.config/discord/0.0.135/modules/pending/discord_spellcheck-1.zip: 71%
5/2/2026, 11:31:22 PM GMT+5:30 [Modules] Streaming discord_spellcheck@1 to /home/rishav/.config/discord/0.0.135/modules/pending/discord_spellcheck-1.zip: 72%
5/2/2026, 11:31:22 PM GMT+5:30 [Modules] Streaming discord_spellcheck@1 to /home/rishav/.config/discord/0.0.135/modules/pending/discord_spellcheck-1.zip: 73%
5/2/2026, 11:31:22 PM GMT+5:30 [Modules] Streaming discord_spellcheck@1 to /home/rishav/.config/discord/0.0.135/modules/pending/discord_spellcheck-1.zip: 74%
5/2/2026, 11:31:22 PM GMT+5:30 [Modules] Streaming discord_spellcheck@1 to /home/rishav/.config/discord/0.0.135/modules/pending/discord_spellcheck-1.zip: 75%
5/2/2026, 11:31:23 PM GMT+5:30 [Modules] Streaming discord_spellcheck@1 to /home/rishav/.config/discord/0.0.135/modules/pending/discord_spellcheck-1.zip: 76%
5/2/2026, 11:31:23 PM GMT+5:30 [Modules] Streaming discord_spellcheck@1 to /home/rishav/.config/discord/0.0.135/modules/pending/discord_spellcheck-1.zip: 77%
5/2/2026, 11:31:23 PM GMT+5:30 [Modules] Streaming discord_spellcheck@1 to /home/rishav/.config/discord/0.0.135/modules/pending/discord_spellcheck-1.zip: 78%
5/2/2026, 11:31:23 PM GMT+5:30 [Modules] Streaming discord_spellcheck@1 to /home/rishav/.config/discord/0.0.135/modules/pending/discord_spellcheck-1.zip: 79%
5/2/2026, 11:31:23 PM GMT+5:30 [Modules] Streaming discord_spellcheck@1 to /home/rishav/.config/discord/0.0.135/modules/pending/discord_spellcheck-1.zip: 80%
5/2/2026, 11:31:23 PM GMT+5:30 [Modules] Streaming discord_spellcheck@1 to /home/rishav/.config/discord/0.0.135/modules/pending/discord_spellcheck-1.zip: 81%
5/2/2026, 11:31:23 PM GMT+5:30 [Modules] Streaming discord_spellcheck@1 to /home/rishav/.config/discord/0.0.135/modules/pending/discord_spellcheck-1.zip: 82%
5/2/2026, 11:31:23 PM GMT+5:30 [Modules] Streaming discord_spellcheck@1 to /home/rishav/.config/discord/0.0.135/modules/pending/discord_spellcheck-1.zip: 83%
5/2/2026, 11:31:24 PM GMT+5:30 [Modules] Streaming discord_spellcheck@1 to /home/rishav/.config/discord/0.0.135/modules/pending/discord_spellcheck-1.zip: 84%
5/2/2026, 11:31:24 PM GMT+5:30 [Modules] Streaming discord_spellcheck@1 to /home/rishav/.config/discord/0.0.135/modules/pending/discord_spellcheck-1.zip: 86%
5/2/2026, 11:31:24 PM GMT+5:30 [Modules] Streaming discord_spellcheck@1 to /home/rishav/.config/discord/0.0.135/modules/pending/discord_spellcheck-1.zip: 87%
5/2/2026, 11:31:24 PM GMT+5:30 [Modules] Streaming discord_spellcheck@1 to /home/rishav/.config/discord/0.0.135/modules/pending/discord_spellcheck-1.zip: 88%
5/2/2026, 11:31:24 PM GMT+5:30 [Modules] Streaming discord_spellcheck@1 to /home/rishav/.config/discord/0.0.135/modules/pending/discord_spellcheck-1.zip: 89%
5/2/2026, 11:31:24 PM GMT+5:30 [Modules] Streaming discord_spellcheck@1 to /home/rishav/.config/discord/0.0.135/modules/pending/discord_spellcheck-1.zip: 90%
5/2/2026, 11:31:24 PM GMT+5:30 [Modules] Streaming discord_spellcheck@1 to /home/rishav/.config/discord/0.0.135/modules/pending/discord_spellcheck-1.zip: 91%
5/2/2026, 11:31:24 PM GMT+5:30 [Modules] Streaming discord_spellcheck@1 to /home/rishav/.config/discord/0.0.135/modules/pending/discord_spellcheck-1.zip: 92%
5/2/2026, 11:31:24 PM GMT+5:30 [Modules] Streaming discord_spellcheck@1 to /home/rishav/.config/discord/0.0.135/modules/pending/discord_spellcheck-1.zip: 93%
5/2/2026, 11:31:24 PM GMT+5:30 [Modules] Streaming discord_spellcheck@1 to /home/rishav/.config/discord/0.0.135/modules/pending/discord_spellcheck-1.zip: 94%
5/2/2026, 11:31:25 PM GMT+5:30 [Modules] Streaming discord_spellcheck@1 to /home/rishav/.config/discord/0.0.135/modules/pending/discord_spellcheck-1.zip: 95%
5/2/2026, 11:31:25 PM GMT+5:30 [Modules] Streaming discord_spellcheck@1 to /home/rishav/.config/discord/0.0.135/modules/pending/discord_spellcheck-1.zip: 96%
5/2/2026, 11:31:25 PM GMT+5:30 [Modules] Streaming discord_spellcheck@1 to /home/rishav/.config/discord/0.0.135/modules/pending/discord_spellcheck-1.zip: 97%
5/2/2026, 11:31:25 PM GMT+5:30 [Modules] Streaming discord_spellcheck@1 to /home/rishav/.config/discord/0.0.135/modules/pending/discord_spellcheck-1.zip: 98%
5/2/2026, 11:31:25 PM GMT+5:30 [Modules] Streaming discord_spellcheck@1 to /home/rishav/.config/discord/0.0.135/modules/pending/discord_spellcheck-1.zip: 99%
5/2/2026, 11:31:25 PM GMT+5:30 [Modules] Streaming discord_spellcheck@1 to /home/rishav/.config/discord/0.0.135/modules/pending/discord_spellcheck-1.zip: 100%
5/2/2026, 11:31:25 PM GMT+5:30 [Modules] Fetching discord_utils@1 from https://discord.com/api/modules/stable/discord_utils/1
5/2/2026, 11:31:25 PM GMT+5:30 [Modules] Streaming discord_utils@1 to /home/rishav/.config/discord/0.0.135/modules/pending/discord_utils-1.zip
5/2/2026, 11:31:26 PM GMT+5:30 [Modules] Streaming discord_utils@1 to /home/rishav/.config/discord/0.0.135/modules/pending/discord_utils-1.zip: 1%
5/2/2026, 11:31:26 PM GMT+5:30 [Modules] Streaming discord_utils@1 to /home/rishav/.config/discord/0.0.135/modules/pending/discord_utils-1.zip: 2%
5/2/2026, 11:31:26 PM GMT+5:30 [Modules] Streaming discord_utils@1 to /home/rishav/.config/discord/0.0.135/modules/pending/discord_utils-1.zip: 3%
5/2/2026, 11:31:26 PM GMT+5:30 [Modules] Streaming discord_utils@1 to /home/rishav/.config/discord/0.0.135/modules/pending/discord_utils-1.zip: 4%
5/2/2026, 11:31:26 PM GMT+5:30 [Modules] Streaming discord_utils@1 to /home/rishav/.config/discord/0.0.135/modules/pending/discord_utils-1.zip: 6%
5/2/2026, 11:31:27 PM GMT+5:30 [Modules] Streaming discord_utils@1 to /home/rishav/.config/discord/0.0.135/modules/pending/discord_utils-1.zip: 7%
5/2/2026, 11:31:27 PM GMT+5:30 [Modules] Streaming discord_utils@1 to /home/rishav/.config/discord/0.0.135/modules/pending/discord_utils-1.zip: 8%
5/2/2026, 11:31:27 PM GMT+5:30 [Modules] Streaming discord_utils@1 to /home/rishav/.config/discord/0.0.135/modules/pending/discord_utils-1.zip: 9%
5/2/2026, 11:31:27 PM GMT+5:30 [Modules] Streaming discord_utils@1 to /home/rishav/.config/discord/0.0.135/modules/pending/discord_utils-1.zip: 10%
5/2/2026, 11:31:27 PM GMT+5:30 [Modules] Streaming discord_utils@1 to /home/rishav/.config/discord/0.0.135/modules/pending/discord_utils-1.zip: 11%
5/2/2026, 11:31:27 PM GMT+5:30 [Modules] Streaming discord_utils@1 to /home/rishav/.config/discord/0.0.135/modules/pending/discord_utils-1.zip: 12%
5/2/2026, 11:31:27 PM GMT+5:30 [Modules] Streaming discord_utils@1 to /home/rishav/.config/discord/0.0.135/modules/pending/discord_utils-1.zip: 13%
5/2/2026, 11:31:27 PM GMT+5:30 [Modules] Streaming discord_utils@1 to /home/rishav/.config/discord/0.0.135/modules/pending/discord_utils-1.zip: 14%
5/2/2026, 11:31:27 PM GMT+5:30 [Modules] Streaming discord_utils@1 to /home/rishav/.config/discord/0.0.135/modules/pending/discord_utils-1.zip: 15%
5/2/2026, 11:31:27 PM GMT+5:30 [Modules] Streaming discord_utils@1 to /home/rishav/.config/discord/0.0.135/modules/pending/discord_utils-1.zip: 16%
5/2/2026, 11:31:27 PM GMT+5:30 [Modules] Streaming discord_utils@1 to /home/rishav/.config/discord/0.0.135/modules/pending/discord_utils-1.zip: 17%
5/2/2026, 11:31:27 PM GMT+5:30 [Modules] Streaming discord_utils@1 to /home/rishav/.config/discord/0.0.135/modules/pending/discord_utils-1.zip: 18%
5/2/2026, 11:31:27 PM GMT+5:30 [Modules] Streaming discord_utils@1 to /home/rishav/.config/discord/0.0.135/modules/pending/discord_utils-1.zip: 19%
5/2/2026, 11:31:27 PM GMT+5:30 [Modules] Streaming discord_utils@1 to /home/rishav/.config/discord/0.0.135/modules/pending/discord_utils-1.zip: 20%
5/2/2026, 11:31:27 PM GMT+5:30 [Modules] Streaming discord_utils@1 to /home/rishav/.config/discord/0.0.135/modules/pending/discord_utils-1.zip: 21%
5/2/2026, 11:31:27 PM GMT+5:30 [Modules] Streaming discord_utils@1 to /home/rishav/.config/discord/0.0.135/modules/pending/discord_utils-1.zip: 22%
5/2/2026, 11:31:27 PM GMT+5:30 [Modules] Streaming discord_utils@1 to /home/rishav/.config/discord/0.0.135/modules/pending/discord_utils-1.zip: 23%
5/2/2026, 11:31:27 PM GMT+5:30 [Modules] Streaming discord_utils@1 to /home/rishav/.config/discord/0.0.135/modules/pending/discord_utils-1.zip: 24%
5/2/2026, 11:31:27 PM GMT+5:30 [Modules] Streaming discord_utils@1 to /home/rishav/.config/discord/0.0.135/modules/pending/discord_utils-1.zip: 25%
5/2/2026, 11:31:27 PM GMT+5:30 [Modules] Streaming discord_utils@1 to /home/rishav/.config/discord/0.0.135/modules/pending/discord_utils-1.zip: 26%
5/2/2026, 11:31:27 PM GMT+5:30 [Modules] Streaming discord_utils@1 to /home/rishav/.config/discord/0.0.135/modules/pending/discord_utils-1.zip: 27%
5/2/2026, 11:31:27 PM GMT+5:30 [Modules] Streaming discord_utils@1 to /home/rishav/.config/discord/0.0.135/modules/pending/discord_utils-1.zip: 28%
5/2/2026, 11:31:28 PM GMT+5:30 [Modules] Streaming discord_utils@1 to /home/rishav/.config/discord/0.0.135/modules/pending/discord_utils-1.zip: 29%
5/2/2026, 11:31:28 PM GMT+5:30 [Modules] Streaming discord_utils@1 to /home/rishav/.config/discord/0.0.135/modules/pending/discord_utils-1.zip: 30%
5/2/2026, 11:31:28 PM GMT+5:30 [Modules] Streaming discord_utils@1 to /home/rishav/.config/discord/0.0.135/modules/pending/discord_utils-1.zip: 31%
5/2/2026, 11:31:28 PM GMT+5:30 [Modules] Streaming discord_utils@1 to /home/rishav/.config/discord/0.0.135/modules/pending/discord_utils-1.zip: 32%
5/2/2026, 11:31:28 PM GMT+5:30 [Modules] Streaming discord_utils@1 to /home/rishav/.config/discord/0.0.135/modules/pending/discord_utils-1.zip: 33%
5/2/2026, 11:31:28 PM GMT+5:30 [Modules] Streaming discord_utils@1 to /home/rishav/.config/discord/0.0.135/modules/pending/discord_utils-1.zip: 34%
5/2/2026, 11:31:28 PM GMT+5:30 [Modules] Streaming discord_utils@1 to /home/rishav/.config/discord/0.0.135/modules/pending/discord_utils-1.zip: 35%
5/2/2026, 11:31:28 PM GMT+5:30 [Modules] Streaming discord_utils@1 to /home/rishav/.config/discord/0.0.135/modules/pending/discord_utils-1.zip: 36%
5/2/2026, 11:31:29 PM GMT+5:30 [Modules] Streaming discord_utils@1 to /home/rishav/.config/discord/0.0.135/modules/pending/discord_utils-1.zip: 37%
5/2/2026, 11:31:29 PM GMT+5:30 [Modules] Streaming discord_utils@1 to /home/rishav/.config/discord/0.0.135/modules/pending/discord_utils-1.zip: 40%
5/2/2026, 11:31:29 PM GMT+5:30 [Modules] Streaming discord_utils@1 to /home/rishav/.config/discord/0.0.135/modules/pending/discord_utils-1.zip: 41%
5/2/2026, 11:31:29 PM GMT+5:30 [Modules] Streaming discord_utils@1 to /home/rishav/.config/discord/0.0.135/modules/pending/discord_utils-1.zip: 42%
5/2/2026, 11:31:29 PM GMT+5:30 [Modules] Streaming discord_utils@1 to /home/rishav/.config/discord/0.0.135/modules/pending/discord_utils-1.zip: 43%
5/2/2026, 11:31:29 PM GMT+5:30 [Modules] Streaming discord_utils@1 to /home/rishav/.config/discord/0.0.135/modules/pending/discord_utils-1.zip: 44%
5/2/2026, 11:31:29 PM GMT+5:30 [Modules] Streaming discord_utils@1 to /home/rishav/.config/discord/0.0.135/modules/pending/discord_utils-1.zip: 45%
5/2/2026, 11:31:29 PM GMT+5:30 [Modules] Streaming discord_utils@1 to /home/rishav/.config/discord/0.0.135/modules/pending/discord_utils-1.zip: 46%
5/2/2026, 11:31:29 PM GMT+5:30 [Modules] Streaming discord_utils@1 to /home/rishav/.config/discord/0.0.135/modules/pending/discord_utils-1.zip: 47%
5/2/2026, 11:31:29 PM GMT+5:30 [Modules] Streaming discord_utils@1 to /home/rishav/.config/discord/0.0.135/modules/pending/discord_utils-1.zip: 48%
5/2/2026, 11:31:29 PM GMT+5:30 [Modules] Streaming discord_utils@1 to /home/rishav/.config/discord/0.0.135/modules/pending/discord_utils-1.zip: 49%
5/2/2026, 11:31:29 PM GMT+5:30 [Modules] Streaming discord_utils@1 to /home/rishav/.config/discord/0.0.135/modules/pending/discord_utils-1.zip: 50%
5/2/2026, 11:31:29 PM GMT+5:30 [Modules] Streaming discord_utils@1 to /home/rishav/.config/discord/0.0.135/modules/pending/discord_utils-1.zip: 51%
5/2/2026, 11:31:29 PM GMT+5:30 [Modules] Streaming discord_utils@1 to /home/rishav/.config/discord/0.0.135/modules/pending/discord_utils-1.zip: 52%
5/2/2026, 11:31:29 PM GMT+5:30 [Modules] Streaming discord_utils@1 to /home/rishav/.config/discord/0.0.135/modules/pending/discord_utils-1.zip: 53%
5/2/2026, 11:31:29 PM GMT+5:30 [Modules] Streaming discord_utils@1 to /home/rishav/.config/discord/0.0.135/modules/pending/discord_utils-1.zip: 54%
5/2/2026, 11:31:29 PM GMT+5:30 [Modules] Streaming discord_utils@1 to /home/rishav/.config/discord/0.0.135/modules/pending/discord_utils-1.zip: 55%
5/2/2026, 11:31:29 PM GMT+5:30 [Modules] Streaming discord_utils@1 to /home/rishav/.config/discord/0.0.135/modules/pending/discord_utils-1.zip: 56%
5/2/2026, 11:31:29 PM GMT+5:30 [Modules] Streaming discord_utils@1 to /home/rishav/.config/discord/0.0.135/modules/pending/discord_utils-1.zip: 57%
5/2/2026, 11:31:29 PM GMT+5:30 [Modules] Streaming discord_utils@1 to /home/rishav/.config/discord/0.0.135/modules/pending/discord_utils-1.zip: 58%
5/2/2026, 11:31:30 PM GMT+5:30 [Modules] Streaming discord_utils@1 to /home/rishav/.config/discord/0.0.135/modules/pending/discord_utils-1.zip: 59%
5/2/2026, 11:31:30 PM GMT+5:30 [Modules] Streaming discord_utils@1 to /home/rishav/.config/discord/0.0.135/modules/pending/discord_utils-1.zip: 63%
5/2/2026, 11:31:30 PM GMT+5:30 [Modules] Streaming discord_utils@1 to /home/rishav/.config/discord/0.0.135/modules/pending/discord_utils-1.zip: 64%
5/2/2026, 11:31:30 PM GMT+5:30 [Modules] Streaming discord_utils@1 to /home/rishav/.config/discord/0.0.135/modules/pending/discord_utils-1.zip: 65%
5/2/2026, 11:31:30 PM GMT+5:30 [Modules] Streaming discord_utils@1 to /home/rishav/.config/discord/0.0.135/modules/pending/discord_utils-1.zip: 68%
5/2/2026, 11:31:31 PM GMT+5:30 [Modules] Streaming discord_utils@1 to /home/rishav/.config/discord/0.0.135/modules/pending/discord_utils-1.zip: 69%
5/2/2026, 11:31:31 PM GMT+5:30 [Modules] Streaming discord_utils@1 to /home/rishav/.config/discord/0.0.135/modules/pending/discord_utils-1.zip: 73%
5/2/2026, 11:31:31 PM GMT+5:30 [Modules] Streaming discord_utils@1 to /home/rishav/.config/discord/0.0.135/modules/pending/discord_utils-1.zip: 74%
5/2/2026, 11:31:31 PM GMT+5:30 [Modules] Streaming discord_utils@1 to /home/rishav/.config/discord/0.0.135/modules/pending/discord_utils-1.zip: 78%
5/2/2026, 11:31:31 PM GMT+5:30 [Modules] Streaming discord_utils@1 to /home/rishav/.config/discord/0.0.135/modules/pending/discord_utils-1.zip: 79%
5/2/2026, 11:31:31 PM GMT+5:30 [Modules] Streaming discord_utils@1 to /home/rishav/.config/discord/0.0.135/modules/pending/discord_utils-1.zip: 80%
5/2/2026, 11:31:31 PM GMT+5:30 [Modules] Streaming discord_utils@1 to /home/rishav/.config/discord/0.0.135/modules/pending/discord_utils-1.zip: 81%
5/2/2026, 11:31:31 PM GMT+5:30 [Modules] Streaming discord_utils@1 to /home/rishav/.config/discord/0.0.135/modules/pending/discord_utils-1.zip: 82%
5/2/2026, 11:31:31 PM GMT+5:30 [Modules] Streaming discord_utils@1 to /home/rishav/.config/discord/0.0.135/modules/pending/discord_utils-1.zip: 83%
5/2/2026, 11:31:31 PM GMT+5:30 [Modules] Streaming discord_utils@1 to /home/rishav/.config/discord/0.0.135/modules/pending/discord_utils-1.zip: 84%
5/2/2026, 11:31:31 PM GMT+5:30 [Modules] Streaming discord_utils@1 to /home/rishav/.config/discord/0.0.135/modules/pending/discord_utils-1.zip: 85%
5/2/2026, 11:31:31 PM GMT+5:30 [Modules] Streaming discord_utils@1 to /home/rishav/.config/discord/0.0.135/modules/pending/discord_utils-1.zip: 86%
5/2/2026, 11:31:31 PM GMT+5:30 [Modules] Streaming discord_utils@1 to /home/rishav/.config/discord/0.0.135/modules/pending/discord_utils-1.zip: 87%
5/2/2026, 11:31:31 PM GMT+5:30 [Modules] Streaming discord_utils@1 to /home/rishav/.config/discord/0.0.135/modules/pending/discord_utils-1.zip: 88%
5/2/2026, 11:31:32 PM GMT+5:30 [Modules] Streaming discord_utils@1 to /home/rishav/.config/discord/0.0.135/modules/pending/discord_utils-1.zip: 89%
5/2/2026, 11:31:32 PM GMT+5:30 [Modules] Streaming discord_utils@1 to /home/rishav/.config/discord/0.0.135/modules/pending/discord_utils-1.zip: 90%
5/2/2026, 11:31:32 PM GMT+5:30 [Modules] Streaming discord_utils@1 to /home/rishav/.config/discord/0.0.135/modules/pending/discord_utils-1.zip: 91%
5/2/2026, 11:31:32 PM GMT+5:30 [Modules] Streaming discord_utils@1 to /home/rishav/.config/discord/0.0.135/modules/pending/discord_utils-1.zip: 92%
5/2/2026, 11:31:32 PM GMT+5:30 [Modules] Streaming discord_utils@1 to /home/rishav/.config/discord/0.0.135/modules/pending/discord_utils-1.zip: 93%
5/2/2026, 11:31:32 PM GMT+5:30 [Modules] Streaming discord_utils@1 to /home/rishav/.config/discord/0.0.135/modules/pending/discord_utils-1.zip: 94%
5/2/2026, 11:31:32 PM GMT+5:30 [Modules] Streaming discord_utils@1 to /home/rishav/.config/discord/0.0.135/modules/pending/discord_utils-1.zip: 95%
5/2/2026, 11:31:32 PM GMT+5:30 [Modules] Streaming discord_utils@1 to /home/rishav/.config/discord/0.0.135/modules/pending/discord_utils-1.zip: 96%
5/2/2026, 11:31:32 PM GMT+5:30 [Modules] Streaming discord_utils@1 to /home/rishav/.config/discord/0.0.135/modules/pending/discord_utils-1.zip: 97%
5/2/2026, 11:31:32 PM GMT+5:30 [Modules] Streaming discord_utils@1 to /home/rishav/.config/discord/0.0.135/modules/pending/discord_utils-1.zip: 98%
5/2/2026, 11:31:32 PM GMT+5:30 [Modules] Streaming discord_utils@1 to /home/rishav/.config/discord/0.0.135/modules/pending/discord_utils-1.zip: 100%
5/2/2026, 11:31:32 PM GMT+5:30 [Modules] Fetching discord_voice@1 from https://discord.com/api/modules/stable/discord_voice/1
5/2/2026, 11:31:32 PM GMT+5:30 [Modules] Streaming discord_voice@1 to /home/rishav/.config/discord/0.0.135/modules/pending/discord_voice-1.zip
5/2/2026, 11:31:34 PM GMT+5:30 [Modules] Streaming discord_voice@1 to /home/rishav/.config/discord/0.0.135/modules/pending/discord_voice-1.zip: 1%
5/2/2026, 11:31:34 PM GMT+5:30 [Modules] Streaming discord_voice@1 to /home/rishav/.config/discord/0.0.135/modules/pending/discord_voice-1.zip: 2%
5/2/2026, 11:31:34 PM GMT+5:30 [Modules] Streaming discord_voice@1 to /home/rishav/.config/discord/0.0.135/modules/pending/discord_voice-1.zip: 3%
5/2/2026, 11:31:35 PM GMT+5:30 [Modules] Streaming discord_voice@1 to /home/rishav/.config/discord/0.0.135/modules/pending/discord_voice-1.zip: 4%
5/2/2026, 11:31:35 PM GMT+5:30 [Modules] Streaming discord_voice@1 to /home/rishav/.config/discord/0.0.135/modules/pending/discord_voice-1.zip: 5%
5/2/2026, 11:31:36 PM GMT+5:30 [Modules] Streaming discord_voice@1 to /home/rishav/.config/discord/0.0.135/modules/pending/discord_voice-1.zip: 6%
5/2/2026, 11:31:36 PM GMT+5:30 [Modules] Streaming discord_voice@1 to /home/rishav/.config/discord/0.0.135/modules/pending/discord_voice-1.zip: 7%
5/2/2026, 11:31:36 PM GMT+5:30 [Modules] Streaming discord_voice@1 to /home/rishav/.config/discord/0.0.135/modules/pending/discord_voice-1.zip: 8%
5/2/2026, 11:31:37 PM GMT+5:30 [Modules] Streaming discord_voice@1 to /home/rishav/.config/discord/0.0.135/modules/pending/discord_voice-1.zip: 9%
5/2/2026, 11:31:37 PM GMT+5:30 [Modules] Streaming discord_voice@1 to /home/rishav/.config/discord/0.0.135/modules/pending/discord_voice-1.zip: 10%
5/2/2026, 11:31:37 PM GMT+5:30 [Modules] Streaming discord_voice@1 to /home/rishav/.config/discord/0.0.135/modules/pending/discord_voice-1.zip: 11%
5/2/2026, 11:31:37 PM GMT+5:30 [Modules] Streaming discord_voice@1 to /home/rishav/.config/discord/0.0.135/modules/pending/discord_voice-1.zip: 12%
5/2/2026, 11:31:38 PM GMT+5:30 [Modules] Streaming discord_voice@1 to /home/rishav/.config/discord/0.0.135/modules/pending/discord_voice-1.zip: 13%
5/2/2026, 11:31:38 PM GMT+5:30 [Modules] Streaming discord_voice@1 to /home/rishav/.config/discord/0.0.135/modules/pending/discord_voice-1.zip: 14%
5/2/2026, 11:31:38 PM GMT+5:30 [Modules] Streaming discord_voice@1 to /home/rishav/.config/discord/0.0.135/modules/pending/discord_voice-1.zip: 15%
5/2/2026, 11:31:39 PM GMT+5:30 [Modules] Streaming discord_voice@1 to /home/rishav/.config/discord/0.0.135/modules/pending/discord_voice-1.zip: 16%
5/2/2026, 11:31:39 PM GMT+5:30 [Modules] Streaming discord_voice@1 to /home/rishav/.config/discord/0.0.135/modules/pending/discord_voice-1.zip: 17%
5/2/2026, 11:31:40 PM GMT+5:30 [Modules] Streaming discord_voice@1 to /home/rishav/.config/discord/0.0.135/modules/pending/discord_voice-1.zip: 18%
5/2/2026, 11:31:40 PM GMT+5:30 [Modules] Streaming discord_voice@1 to /home/rishav/.config/discord/0.0.135/modules/pending/discord_voice-1.zip: 19%
5/2/2026, 11:31:40 PM GMT+5:30 [Modules] Streaming discord_voice@1 to /home/rishav/.config/discord/0.0.135/modules/pending/discord_voice-1.zip: 20%
5/2/2026, 11:31:40 PM GMT+5:30 [Modules] Streaming discord_voice@1 to /home/rishav/.config/discord/0.0.135/modules/pending/discord_voice-1.zip: 21%
5/2/2026, 11:31:41 PM GMT+5:30 [Modules] Streaming discord_voice@1 to /home/rishav/.config/discord/0.0.135/modules/pending/discord_voice-1.zip: 22%
5/2/2026, 11:31:41 PM GMT+5:30 [Modules] Streaming discord_voice@1 to /home/rishav/.config/discord/0.0.135/modules/pending/discord_voice-1.zip: 23%
5/2/2026, 11:31:41 PM GMT+5:30 [Modules] Streaming discord_voice@1 to /home/rishav/.config/discord/0.0.135/modules/pending/discord_voice-1.zip: 24%
5/2/2026, 11:31:41 PM GMT+5:30 [Modules] Streaming discord_voice@1 to /home/rishav/.config/discord/0.0.135/modules/pending/discord_voice-1.zip: 25%
5/2/2026, 11:31:42 PM GMT+5:30 [Modules] Streaming discord_voice@1 to /home/rishav/.config/discord/0.0.135/modules/pending/discord_voice-1.zip: 26%
5/2/2026, 11:31:43 PM GMT+5:30 [Modules] Streaming discord_voice@1 to /home/rishav/.config/discord/0.0.135/modules/pending/discord_voice-1.zip: 27%
5/2/2026, 11:31:43 PM GMT+5:30 [Modules] Streaming discord_voice@1 to /home/rishav/.config/discord/0.0.135/modules/pending/discord_voice-1.zip: 28%
5/2/2026, 11:31:44 PM GMT+5:30 [Modules] Streaming discord_voice@1 to /home/rishav/.config/discord/0.0.135/modules/pending/discord_voice-1.zip: 29%
5/2/2026, 11:31:44 PM GMT+5:30 [Modules] Streaming discord_voice@1 to /home/rishav/.config/discord/0.0.135/modules/pending/discord_voice-1.zip: 30%
5/2/2026, 11:31:44 PM GMT+5:30 [Modules] Streaming discord_voice@1 to /home/rishav/.config/discord/0.0.135/modules/pending/discord_voice-1.zip: 31%
5/2/2026, 11:31:45 PM GMT+5:30 [Modules] Streaming discord_voice@1 to /home/rishav/.config/discord/0.0.135/modules/pending/discord_voice-1.zip: 32%
5/2/2026, 11:31:45 PM GMT+5:30 [Modules] Streaming discord_voice@1 to /home/rishav/.config/discord/0.0.135/modules/pending/discord_voice-1.zip: 33%
5/2/2026, 11:31:45 PM GMT+5:30 [Modules] Streaming discord_voice@1 to /home/rishav/.config/discord/0.0.135/modules/pending/discord_voice-1.zip: 34%
5/2/2026, 11:31:45 PM GMT+5:30 [Modules] Streaming discord_voice@1 to /home/rishav/.config/discord/0.0.135/modules/pending/discord_voice-1.zip: 35%
5/2/2026, 11:31:46 PM GMT+5:30 [Modules] Streaming discord_voice@1 to /home/rishav/.config/discord/0.0.135/modules/pending/discord_voice-1.zip: 36%
5/2/2026, 11:31:46 PM GMT+5:30 [Modules] Streaming discord_voice@1 to /home/rishav/.config/discord/0.0.135/modules/pending/discord_voice-1.zip: 37%
5/2/2026, 11:31:46 PM GMT+5:30 [Modules] Streaming discord_voice@1 to /home/rishav/.config/discord/0.0.135/modules/pending/discord_voice-1.zip: 38%
5/2/2026, 11:31:47 PM GMT+5:30 [Modules] Streaming discord_voice@1 to /home/rishav/.config/discord/0.0.135/modules/pending/discord_voice-1.zip: 39%
5/2/2026, 11:31:47 PM GMT+5:30 [Modules] Streaming discord_voice@1 to /home/rishav/.config/discord/0.0.135/modules/pending/discord_voice-1.zip: 40%
5/2/2026, 11:31:48 PM GMT+5:30 [Modules] Streaming discord_voice@1 to /home/rishav/.config/discord/0.0.135/modules/pending/discord_voice-1.zip: 41%
5/2/2026, 11:31:48 PM GMT+5:30 [Modules] Streaming discord_voice@1 to /home/rishav/.config/discord/0.0.135/modules/pending/discord_voice-1.zip: 42%
5/2/2026, 11:31:49 PM GMT+5:30 [Modules] Streaming discord_voice@1 to /home/rishav/.config/discord/0.0.135/modules/pending/discord_voice-1.zip: 43%
5/2/2026, 11:31:49 PM GMT+5:30 [Modules] Streaming discord_voice@1 to /home/rishav/.config/discord/0.0.135/modules/pending/discord_voice-1.zip: 44%
5/2/2026, 11:31:49 PM GMT+5:30 [Modules] Streaming discord_voice@1 to /home/rishav/.config/discord/0.0.135/modules/pending/discord_voice-1.zip: 45%
5/2/2026, 11:31:49 PM GMT+5:30 [Modules] Streaming discord_voice@1 to /home/rishav/.config/discord/0.0.135/modules/pending/discord_voice-1.zip: 46%
5/2/2026, 11:31:50 PM GMT+5:30 [Modules] Streaming discord_voice@1 to /home/rishav/.config/discord/0.0.135/modules/pending/discord_voice-1.zip: 47%
5/2/2026, 11:31:50 PM GMT+5:30 [Modules] Streaming discord_voice@1 to /home/rishav/.config/discord/0.0.135/modules/pending/discord_voice-1.zip: 48%
5/2/2026, 11:31:50 PM GMT+5:30 [Modules] Streaming discord_voice@1 to /home/rishav/.config/discord/0.0.135/modules/pending/discord_voice-1.zip: 49%
5/2/2026, 11:31:50 PM GMT+5:30 [Modules] Streaming discord_voice@1 to /home/rishav/.config/discord/0.0.135/modules/pending/discord_voice-1.zip: 50%
5/2/2026, 11:31:50 PM GMT+5:30 [Modules] Streaming discord_voice@1 to /home/rishav/.config/discord/0.0.135/modules/pending/discord_voice-1.zip: 51%
5/2/2026, 11:31:51 PM GMT+5:30 [Modules] Streaming discord_voice@1 to /home/rishav/.config/discord/0.0.135/modules/pending/discord_voice-1.zip: 52%
5/2/2026, 11:31:51 PM GMT+5:30 [Modules] Streaming discord_voice@1 to /home/rishav/.config/discord/0.0.135/modules/pending/discord_voice-1.zip: 53%
5/2/2026, 11:31:51 PM GMT+5:30 [Modules] Streaming discord_voice@1 to /home/rishav/.config/discord/0.0.135/modules/pending/discord_voice-1.zip: 54%
5/2/2026, 11:31:51 PM GMT+5:30 [Modules] Streaming discord_voice@1 to /home/rishav/.config/discord/0.0.135/modules/pending/discord_voice-1.zip: 55%
5/2/2026, 11:31:52 PM GMT+5:30 [Modules] Streaming discord_voice@1 to /home/rishav/.config/discord/0.0.135/modules/pending/discord_voice-1.zip: 56%
5/2/2026, 11:31:52 PM GMT+5:30 [Modules] Streaming discord_voice@1 to /home/rishav/.config/discord/0.0.135/modules/pending/discord_voice-1.zip: 57%
5/2/2026, 11:31:52 PM GMT+5:30 [Modules] Streaming discord_voice@1 to /home/rishav/.config/discord/0.0.135/modules/pending/discord_voice-1.zip: 58%
5/2/2026, 11:31:52 PM GMT+5:30 [Modules] Streaming discord_voice@1 to /home/rishav/.config/discord/0.0.135/modules/pending/discord_voice-1.zip: 59%
5/2/2026, 11:31:53 PM GMT+5:30 [Modules] Streaming discord_voice@1 to /home/rishav/.config/discord/0.0.135/modules/pending/discord_voice-1.zip: 60%
5/2/2026, 11:31:53 PM GMT+5:30 [Modules] Streaming discord_voice@1 to /home/rishav/.config/discord/0.0.135/modules/pending/discord_voice-1.zip: 61%
5/2/2026, 11:31:54 PM GMT+5:30 [Modules] Streaming discord_voice@1 to /home/rishav/.config/discord/0.0.135/modules/pending/discord_voice-1.zip: 62%
5/2/2026, 11:31:54 PM GMT+5:30 [Modules] Streaming discord_voice@1 to /home/rishav/.config/discord/0.0.135/modules/pending/discord_voice-1.zip: 63%
5/2/2026, 11:31:54 PM GMT+5:30 [Modules] Streaming discord_voice@1 to /home/rishav/.config/discord/0.0.135/modules/pending/discord_voice-1.zip: 64%
5/2/2026, 11:31:54 PM GMT+5:30 [Modules] Streaming discord_voice@1 to /home/rishav/.config/discord/0.0.135/modules/pending/discord_voice-1.zip: 65%
5/2/2026, 11:31:55 PM GMT+5:30 [Modules] Streaming discord_voice@1 to /home/rishav/.config/discord/0.0.135/modules/pending/discord_voice-1.zip: 66%
5/2/2026, 11:31:55 PM GMT+5:30 [Modules] Streaming discord_voice@1 to /home/rishav/.config/discord/0.0.135/modules/pending/discord_voice-1.zip: 67%
5/2/2026, 11:31:55 PM GMT+5:30 [Modules] Streaming discord_voice@1 to /home/rishav/.config/discord/0.0.135/modules/pending/discord_voice-1.zip: 68%
5/2/2026, 11:31:55 PM GMT+5:30 [Modules] Streaming discord_voice@1 to /home/rishav/.config/discord/0.0.135/modules/pending/discord_voice-1.zip: 69%
5/2/2026, 11:31:55 PM GMT+5:30 [Modules] Streaming discord_voice@1 to /home/rishav/.config/discord/0.0.135/modules/pending/discord_voice-1.zip: 70%
5/2/2026, 11:31:56 PM GMT+5:30 [Modules] Streaming discord_voice@1 to /home/rishav/.config/discord/0.0.135/modules/pending/discord_voice-1.zip: 71%
5/2/2026, 11:31:56 PM GMT+5:30 [Modules] Streaming discord_voice@1 to /home/rishav/.config/discord/0.0.135/modules/pending/discord_voice-1.zip: 72%
5/2/2026, 11:31:56 PM GMT+5:30 [Modules] Streaming discord_voice@1 to /home/rishav/.config/discord/0.0.135/modules/pending/discord_voice-1.zip: 73%
5/2/2026, 11:31:57 PM GMT+5:30 [Modules] Streaming discord_voice@1 to /home/rishav/.config/discord/0.0.135/modules/pending/discord_voice-1.zip: 74%
5/2/2026, 11:31:57 PM GMT+5:30 [Modules] Streaming discord_voice@1 to /home/rishav/.config/discord/0.0.135/modules/pending/discord_voice-1.zip: 75%
5/2/2026, 11:31:57 PM GMT+5:30 [Modules] Streaming discord_voice@1 to /home/rishav/.config/discord/0.0.135/modules/pending/discord_voice-1.zip: 76%
5/2/2026, 11:31:57 PM GMT+5:30 [Modules] Streaming discord_voice@1 to /home/rishav/.config/discord/0.0.135/modules/pending/discord_voice-1.zip: 77%
5/2/2026, 11:31:57 PM GMT+5:30 [Modules] Streaming discord_voice@1 to /home/rishav/.config/discord/0.0.135/modules/pending/discord_voice-1.zip: 78%
5/2/2026, 11:31:57 PM GMT+5:30 [Modules] Streaming discord_voice@1 to /home/rishav/.config/discord/0.0.135/modules/pending/discord_voice-1.zip: 79%
5/2/2026, 11:31:58 PM GMT+5:30 [Modules] Streaming discord_voice@1 to /home/rishav/.config/discord/0.0.135/modules/pending/discord_voice-1.zip: 80%
5/2/2026, 11:31:58 PM GMT+5:30 [Modules] Streaming discord_voice@1 to /home/rishav/.config/discord/0.0.135/modules/pending/discord_voice-1.zip: 81%
5/2/2026, 11:31:58 PM GMT+5:30 [Modules] Streaming discord_voice@1 to /home/rishav/.config/discord/0.0.135/modules/pending/discord_voice-1.zip: 82%
5/2/2026, 11:31:58 PM GMT+5:30 [Modules] Streaming discord_voice@1 to /home/rishav/.config/discord/0.0.135/modules/pending/discord_voice-1.zip: 83%
5/2/2026, 11:31:59 PM GMT+5:30 [Modules] Streaming discord_voice@1 to /home/rishav/.config/discord/0.0.135/modules/pending/discord_voice-1.zip: 84%
5/2/2026, 11:31:59 PM GMT+5:30 [Modules] Streaming discord_voice@1 to /home/rishav/.config/discord/0.0.135/modules/pending/discord_voice-1.zip: 85%
5/2/2026, 11:31:59 PM GMT+5:30 [Modules] Streaming discord_voice@1 to /home/rishav/.config/discord/0.0.135/modules/pending/discord_voice-1.zip: 86%
5/2/2026, 11:31:59 PM GMT+5:30 [Modules] Streaming discord_voice@1 to /home/rishav/.config/discord/0.0.135/modules/pending/discord_voice-1.zip: 87%
5/2/2026, 11:32:00 PM GMT+5:30 [Modules] Streaming discord_voice@1 to /home/rishav/.config/discord/0.0.135/modules/pending/discord_voice-1.zip: 88%
5/2/2026, 11:32:00 PM GMT+5:30 [Modules] Streaming discord_voice@1 to /home/rishav/.config/discord/0.0.135/modules/pending/discord_voice-1.zip: 89%
5/2/2026, 11:32:00 PM GMT+5:30 [Modules] Streaming discord_voice@1 to /home/rishav/.config/discord/0.0.135/modules/pending/discord_voice-1.zip: 90%
5/2/2026, 11:32:00 PM GMT+5:30 [Modules] Streaming discord_voice@1 to /home/rishav/.config/discord/0.0.135/modules/pending/discord_voice-1.zip: 91%
5/2/2026, 11:32:00 PM GMT+5:30 [Modules] Streaming discord_voice@1 to /home/rishav/.config/discord/0.0.135/modules/pending/discord_voice-1.zip: 92%
5/2/2026, 11:32:01 PM GMT+5:30 [Modules] Streaming discord_voice@1 to /home/rishav/.config/discord/0.0.135/modules/pending/discord_voice-1.zip: 93%
5/2/2026, 11:32:01 PM GMT+5:30 [Modules] Streaming discord_voice@1 to /home/rishav/.config/discord/0.0.135/modules/pending/discord_voice-1.zip: 94%
5/2/2026, 11:32:01 PM GMT+5:30 [Modules] Streaming discord_voice@1 to /home/rishav/.config/discord/0.0.135/modules/pending/discord_voice-1.zip: 95%
5/2/2026, 11:32:01 PM GMT+5:30 [Modules] Streaming discord_voice@1 to /home/rishav/.config/discord/0.0.135/modules/pending/discord_voice-1.zip: 96%
5/2/2026, 11:32:01 PM GMT+5:30 [Modules] Streaming discord_voice@1 to /home/rishav/.config/discord/0.0.135/modules/pending/discord_voice-1.zip: 97%
5/2/2026, 11:32:02 PM GMT+5:30 [Modules] Streaming discord_voice@1 to /home/rishav/.config/discord/0.0.135/modules/pending/discord_voice-1.zip: 98%
5/2/2026, 11:32:02 PM GMT+5:30 [Modules] Streaming discord_voice@1 to /home/rishav/.config/discord/0.0.135/modules/pending/discord_voice-1.zip: 99%
5/2/2026, 11:32:02 PM GMT+5:30 [Modules] Streaming discord_voice@1 to /home/rishav/.config/discord/0.0.135/modules/pending/discord_voice-1.zip: 100%
5/2/2026, 11:32:02 PM GMT+5:30 [Modules] Fetching discord_zstd@1 from https://discord.com/api/modules/stable/discord_zstd/1
5/2/2026, 11:32:02 PM GMT+5:30 [Modules] Streaming discord_zstd@1 to /home/rishav/.config/discord/0.0.135/modules/pending/discord_zstd-1.zip
5/2/2026, 11:32:02 PM GMT+5:30 [Modules] Streaming discord_zstd@1 to /home/rishav/.config/discord/0.0.135/modules/pending/discord_zstd-1.zip: 4%
5/2/2026, 11:32:02 PM GMT+5:30 [Modules] Streaming discord_zstd@1 to /home/rishav/.config/discord/0.0.135/modules/pending/discord_zstd-1.zip: 8%
5/2/2026, 11:32:02 PM GMT+5:30 [Modules] Streaming discord_zstd@1 to /home/rishav/.config/discord/0.0.135/modules/pending/discord_zstd-1.zip: 12%
5/2/2026, 11:32:02 PM GMT+5:30 [Modules] Streaming discord_zstd@1 to /home/rishav/.config/discord/0.0.135/modules/pending/discord_zstd-1.zip: 17%
5/2/2026, 11:32:02 PM GMT+5:30 [Modules] Streaming discord_zstd@1 to /home/rishav/.config/discord/0.0.135/modules/pending/discord_zstd-1.zip: 21%
5/2/2026, 11:32:02 PM GMT+5:30 [Modules] Streaming discord_zstd@1 to /home/rishav/.config/discord/0.0.135/modules/pending/discord_zstd-1.zip: 25%
5/2/2026, 11:32:02 PM GMT+5:30 [Modules] Streaming discord_zstd@1 to /home/rishav/.config/discord/0.0.135/modules/pending/discord_zstd-1.zip: 30%
5/2/2026, 11:32:02 PM GMT+5:30 [Modules] Streaming discord_zstd@1 to /home/rishav/.config/discord/0.0.135/modules/pending/discord_zstd-1.zip: 34%
5/2/2026, 11:32:02 PM GMT+5:30 [Modules] Streaming discord_zstd@1 to /home/rishav/.config/discord/0.0.135/modules/pending/discord_zstd-1.zip: 38%
5/2/2026, 11:32:02 PM GMT+5:30 [Modules] Streaming discord_zstd@1 to /home/rishav/.config/discord/0.0.135/modules/pending/discord_zstd-1.zip: 43%
5/2/2026, 11:32:02 PM GMT+5:30 [Modules] Streaming discord_zstd@1 to /home/rishav/.config/discord/0.0.135/modules/pending/discord_zstd-1.zip: 47%
5/2/2026, 11:32:03 PM GMT+5:30 [Modules] Streaming discord_zstd@1 to /home/rishav/.config/discord/0.0.135/modules/pending/discord_zstd-1.zip: 51%
5/2/2026, 11:32:03 PM GMT+5:30 [Modules] Streaming discord_zstd@1 to /home/rishav/.config/discord/0.0.135/modules/pending/discord_zstd-1.zip: 56%
5/2/2026, 11:32:03 PM GMT+5:30 [Modules] Streaming discord_zstd@1 to /home/rishav/.config/discord/0.0.135/modules/pending/discord_zstd-1.zip: 60%
5/2/2026, 11:32:03 PM GMT+5:30 [Modules] Streaming discord_zstd@1 to /home/rishav/.config/discord/0.0.135/modules/pending/discord_zstd-1.zip: 64%
5/2/2026, 11:32:03 PM GMT+5:30 [Modules] Streaming discord_zstd@1 to /home/rishav/.config/discord/0.0.135/modules/pending/discord_zstd-1.zip: 68%
5/2/2026, 11:32:03 PM GMT+5:30 [Modules] Streaming discord_zstd@1 to /home/rishav/.config/discord/0.0.135/modules/pending/discord_zstd-1.zip: 73%
5/2/2026, 11:32:03 PM GMT+5:30 [Modules] Streaming discord_zstd@1 to /home/rishav/.config/discord/0.0.135/modules/pending/discord_zstd-1.zip: 77%
5/2/2026, 11:32:03 PM GMT+5:30 [Modules] Streaming discord_zstd@1 to /home/rishav/.config/discord/0.0.135/modules/pending/discord_zstd-1.zip: 81%
5/2/2026, 11:32:03 PM GMT+5:30 [Modules] Streaming discord_zstd@1 to /home/rishav/.config/discord/0.0.135/modules/pending/discord_zstd-1.zip: 86%
5/2/2026, 11:32:03 PM GMT+5:30 [Modules] Streaming discord_zstd@1 to /home/rishav/.config/discord/0.0.135/modules/pending/discord_zstd-1.zip: 90%
5/2/2026, 11:32:03 PM GMT+5:30 [Modules] Streaming discord_zstd@1 to /home/rishav/.config/discord/0.0.135/modules/pending/discord_zstd-1.zip: 94%
5/2/2026, 11:32:03 PM GMT+5:30 [Modules] Streaming discord_zstd@1 to /home/rishav/.config/discord/0.0.135/modules/pending/discord_zstd-1.zip: 100%
5/2/2026, 11:32:03 PM GMT+5:30 [Modules] Finished module downloads. [success: 6] [failure: 0]
5/2/2026, 11:32:03 PM GMT+5:30 [Modules] Installing updates...
5/2/2026, 11:32:03 PM GMT+5:30 [Modules] Installing discord_desktop_core@1 from /home/rishav/.config/discord/0.0.135/modules/pending/discord_desktop_core-1.zip
5/2/2026, 11:32:03 PM GMT+5:30 [Modules] Installing discord_erlpack@1 from /home/rishav/.config/discord/0.0.135/modules/pending/discord_erlpack-1.zip
5/2/2026, 11:32:03 PM GMT+5:30 [Modules] Installing discord_spellcheck@1 from /home/rishav/.config/discord/0.0.135/modules/pending/discord_spellcheck-1.zip
5/2/2026, 11:32:03 PM GMT+5:30 [Modules] Installing discord_utils@1 from /home/rishav/.config/discord/0.0.135/modules/pending/discord_utils-1.zip
5/2/2026, 11:32:03 PM GMT+5:30 [Modules] Installing discord_voice@1 from /home/rishav/.config/discord/0.0.135/modules/pending/discord_voice-1.zip
5/2/2026, 11:32:04 PM GMT+5:30 [Modules] Installing discord_zstd@1 from /home/rishav/.config/discord/0.0.135/modules/pending/discord_zstd-1.zip
5/2/2026, 11:32:04 PM GMT+5:30 [Modules] Finished module installations. [success: 6] [failure: 0]
5/2/2026, 11:32:04 PM GMT+5:30 [Modules] Host is up to date.
5/2/2026, 11:32:04 PM GMT+5:30 [Modules] Checking for module updates at https://discord.com/api/modules/stable/versions.json
5/2/2026, 11:32:04 PM GMT+5:30 [Modules] No module updates available.
5/2/2026, 11:32:13 PM GMT+5:30 [Modules] Starting to install discord_krisp...
5/2/2026, 11:32:13 PM GMT+5:30 [Modules] Fetching discord_krisp@1 from https://discord.com/api/modules/stable/discord_krisp/1
5/2/2026, 11:32:13 PM GMT+5:30 [Modules] Streaming discord_krisp@1 to /home/rishav/.config/discord/0.0.135/modules/pending/discord_krisp-1.zip
5/2/2026, 11:32:13 PM GMT+5:30 [Modules] Starting to install discord_game_utils...
5/2/2026, 11:32:13 PM GMT+5:30 [Modules] Starting to install discord_rpc...
5/2/2026, 11:32:14 PM GMT+5:30 [Modules] Streaming discord_krisp@1 to /home/rishav/.config/discord/0.0.135/modules/pending/discord_krisp-1.zip: 1%
5/2/2026, 11:32:15 PM GMT+5:30 [Modules] Streaming discord_krisp@1 to /home/rishav/.config/discord/0.0.135/modules/pending/discord_krisp-1.zip: 2%
5/2/2026, 11:32:15 PM GMT+5:30 [Modules] Streaming discord_krisp@1 to /home/rishav/.config/discord/0.0.135/modules/pending/discord_krisp-1.zip: 3%
5/2/2026, 11:32:15 PM GMT+5:30 [Modules] Streaming discord_krisp@1 to /home/rishav/.config/discord/0.0.135/modules/pending/discord_krisp-1.zip: 4%
5/2/2026, 11:32:15 PM GMT+5:30 [Modules] Streaming discord_krisp@1 to /home/rishav/.config/discord/0.0.135/modules/pending/discord_krisp-1.zip: 5%
5/2/2026, 11:32:16 PM GMT+5:30 [Modules] Streaming discord_krisp@1 to /home/rishav/.config/discord/0.0.135/modules/pending/discord_krisp-1.zip: 6%
5/2/2026, 11:32:16 PM GMT+5:30 [Modules] Streaming discord_krisp@1 to /home/rishav/.config/discord/0.0.135/modules/pending/discord_krisp-1.zip: 7%
5/2/2026, 11:32:16 PM GMT+5:30 [Modules] Streaming discord_krisp@1 to /home/rishav/.config/discord/0.0.135/modules/pending/discord_krisp-1.zip: 8%
5/2/2026, 11:32:16 PM GMT+5:30 [Modules] Streaming discord_krisp@1 to /home/rishav/.config/discord/0.0.135/modules/pending/discord_krisp-1.zip: 9%
5/2/2026, 11:32:17 PM GMT+5:30 [Modules] Streaming discord_krisp@1 to /home/rishav/.config/discord/0.0.135/modules/pending/discord_krisp-1.zip: 10%
5/2/2026, 11:32:17 PM GMT+5:30 [Modules] Host is up to date.
5/2/2026, 11:32:17 PM GMT+5:30 [Modules] Checking for module updates at https://discord.com/api/modules/stable/versions.json
5/2/2026, 11:32:17 PM GMT+5:30 [Modules] No module updates available.
5/2/2026, 11:32:17 PM GMT+5:30 [Modules] Streaming discord_krisp@1 to /home/rishav/.config/discord/0.0.135/modules/pending/discord_krisp-1.zip: 12%
5/2/2026, 11:32:18 PM GMT+5:30 [Modules] Streaming discord_krisp@1 to /home/rishav/.config/discord/0.0.135/modules/pending/discord_krisp-1.zip: 13%
5/2/2026, 11:32:18 PM GMT+5:30 [Modules] Streaming discord_krisp@1 to /home/rishav/.config/discord/0.0.135/modules/pending/discord_krisp-1.zip: 14%
5/2/2026, 11:32:18 PM GMT+5:30 [Modules] Streaming discord_krisp@1 to /home/rishav/.config/discord/0.0.135/modules/pending/discord_krisp-1.zip: 15%
5/2/2026, 11:32:19 PM GMT+5:30 [Modules] Streaming discord_krisp@1 to /home/rishav/.config/discord/0.0.135/modules/pending/discord_krisp-1.zip: 16%
5/2/2026, 11:32:19 PM GMT+5:30 [Modules] Streaming discord_krisp@1 to /home/rishav/.config/discord/0.0.135/modules/pending/discord_krisp-1.zip: 17%
5/2/2026, 11:32:19 PM GMT+5:30 [Modules] Streaming discord_krisp@1 to /home/rishav/.config/discord/0.0.135/modules/pending/discord_krisp-1.zip: 18%
5/2/2026, 11:32:20 PM GMT+5:30 [Modules] Streaming discord_krisp@1 to /home/rishav/.config/discord/0.0.135/modules/pending/discord_krisp-1.zip: 19%
5/2/2026, 11:32:21 PM GMT+5:30 [Modules] Streaming discord_krisp@1 to /home/rishav/.config/discord/0.0.135/modules/pending/discord_krisp-1.zip: 20%
5/2/2026, 11:32:21 PM GMT+5:30 [Modules] Streaming discord_krisp@1 to /home/rishav/.config/discord/0.0.135/modules/pending/discord_krisp-1.zip: 21%
5/2/2026, 11:32:21 PM GMT+5:30 [Modules] Streaming discord_krisp@1 to /home/rishav/.config/discord/0.0.135/modules/pending/discord_krisp-1.zip: 22%
5/2/2026, 11:32:22 PM GMT+5:30 [Modules] Streaming discord_krisp@1 to /home/rishav/.config/discord/0.0.135/modules/pending/discord_krisp-1.zip: 23%
5/2/2026, 11:32:22 PM GMT+5:30 [Modules] Streaming discord_krisp@1 to /home/rishav/.config/discord/0.0.135/modules/pending/discord_krisp-1.zip: 24%
5/2/2026, 11:32:22 PM GMT+5:30 [Modules] Streaming discord_krisp@1 to /home/rishav/.config/discord/0.0.135/modules/pending/discord_krisp-1.zip: 25%
5/2/2026, 11:32:22 PM GMT+5:30 [Modules] Streaming discord_krisp@1 to /home/rishav/.config/discord/0.0.135/modules/pending/discord_krisp-1.zip: 26%
5/2/2026, 11:32:22 PM GMT+5:30 [Modules] Streaming discord_krisp@1 to /home/rishav/.config/discord/0.0.135/modules/pending/discord_krisp-1.zip: 27%
5/2/2026, 11:32:23 PM GMT+5:30 [Modules] Streaming discord_krisp@1 to /home/rishav/.config/discord/0.0.135/modules/pending/discord_krisp-1.zip: 28%
5/2/2026, 11:32:23 PM GMT+5:30 [Modules] Streaming discord_krisp@1 to /home/rishav/.config/discord/0.0.135/modules/pending/discord_krisp-1.zip: 29%
5/2/2026, 11:32:23 PM GMT+5:30 [Modules] Streaming discord_krisp@1 to /home/rishav/.config/discord/0.0.135/modules/pending/discord_krisp-1.zip: 30%
5/2/2026, 11:32:24 PM GMT+5:30 [Modules] Streaming discord_krisp@1 to /home/rishav/.config/discord/0.0.135/modules/pending/discord_krisp-1.zip: 31%
5/2/2026, 11:32:24 PM GMT+5:30 [Modules] Streaming discord_krisp@1 to /home/rishav/.config/discord/0.0.135/modules/pending/discord_krisp-1.zip: 32%
5/2/2026, 11:32:24 PM GMT+5:30 [Modules] Streaming discord_krisp@1 to /home/rishav/.config/discord/0.0.135/modules/pending/discord_krisp-1.zip: 33%
5/2/2026, 11:32:24 PM GMT+5:30 [Modules] Streaming discord_krisp@1 to /home/rishav/.config/discord/0.0.135/modules/pending/discord_krisp-1.zip: 34%
5/2/2026, 11:32:24 PM GMT+5:30 [Modules] Streaming discord_krisp@1 to /home/rishav/.config/discord/0.0.135/modules/pending/discord_krisp-1.zip: 35%
5/2/2026, 11:32:25 PM GMT+5:30 [Modules] Streaming discord_krisp@1 to /home/rishav/.config/discord/0.0.135/modules/pending/discord_krisp-1.zip: 36%
5/2/2026, 11:32:25 PM GMT+5:30 [Modules] Streaming discord_krisp@1 to /home/rishav/.config/discord/0.0.135/modules/pending/discord_krisp-1.zip: 37%
5/2/2026, 11:32:25 PM GMT+5:30 [Modules] Streaming discord_krisp@1 to /home/rishav/.config/discord/0.0.135/modules/pending/discord_krisp-1.zip: 38%
5/2/2026, 11:32:25 PM GMT+5:30 [Modules] Streaming discord_krisp@1 to /home/rishav/.config/discord/0.0.135/modules/pending/discord_krisp-1.zip: 39%
5/2/2026, 11:32:26 PM GMT+5:30 [Modules] Streaming discord_krisp@1 to /home/rishav/.config/discord/0.0.135/modules/pending/discord_krisp-1.zip: 40%
5/2/2026, 11:32:26 PM GMT+5:30 [Modules] Streaming discord_krisp@1 to /home/rishav/.config/discord/0.0.135/modules/pending/discord_krisp-1.zip: 41%
5/2/2026, 11:32:26 PM GMT+5:30 [Modules] Streaming discord_krisp@1 to /home/rishav/.config/discord/0.0.135/modules/pending/discord_krisp-1.zip: 42%
5/2/2026, 11:32:27 PM GMT+5:30 [Modules] Streaming discord_krisp@1 to /home/rishav/.config/discord/0.0.135/modules/pending/discord_krisp-1.zip: 43%
5/2/2026, 11:32:27 PM GMT+5:30 [Modules] Streaming discord_krisp@1 to /home/rishav/.config/discord/0.0.135/modules/pending/discord_krisp-1.zip: 44%
5/2/2026, 11:32:27 PM GMT+5:30 [Modules] Streaming discord_krisp@1 to /home/rishav/.config/discord/0.0.135/modules/pending/discord_krisp-1.zip: 45%
5/2/2026, 11:32:27 PM GMT+5:30 [Modules] Streaming discord_krisp@1 to /home/rishav/.config/discord/0.0.135/modules/pending/discord_krisp-1.zip: 46%
5/2/2026, 11:32:28 PM GMT+5:30 [Modules] Streaming discord_krisp@1 to /home/rishav/.config/discord/0.0.135/modules/pending/discord_krisp-1.zip: 47%
5/2/2026, 11:32:28 PM GMT+5:30 [Modules] Streaming discord_krisp@1 to /home/rishav/.config/discord/0.0.135/modules/pending/discord_krisp-1.zip: 48%
5/2/2026, 11:32:28 PM GMT+5:30 [Modules] Streaming discord_krisp@1 to /home/rishav/.config/discord/0.0.135/modules/pending/discord_krisp-1.zip: 49%
5/2/2026, 11:32:28 PM GMT+5:30 [Modules] Streaming discord_krisp@1 to /home/rishav/.config/discord/0.0.135/modules/pending/discord_krisp-1.zip: 50%
5/2/2026, 11:32:29 PM GMT+5:30 [Modules] Streaming discord_krisp@1 to /home/rishav/.config/discord/0.0.135/modules/pending/discord_krisp-1.zip: 51%
5/2/2026, 11:32:29 PM GMT+5:30 [Modules] Streaming discord_krisp@1 to /home/rishav/.config/discord/0.0.135/modules/pending/discord_krisp-1.zip: 52%
5/2/2026, 11:32:29 PM GMT+5:30 [Modules] Streaming discord_krisp@1 to /home/rishav/.config/discord/0.0.135/modules/pending/discord_krisp-1.zip: 53%
5/2/2026, 11:32:29 PM GMT+5:30 [Modules] Streaming discord_krisp@1 to /home/rishav/.config/discord/0.0.135/modules/pending/discord_krisp-1.zip: 54%
5/2/2026, 11:32:30 PM GMT+5:30 [Modules] Streaming discord_krisp@1 to /home/rishav/.config/discord/0.0.135/modules/pending/discord_krisp-1.zip: 55%
5/2/2026, 11:32:30 PM GMT+5:30 [Modules] Streaming discord_krisp@1 to /home/rishav/.config/discord/0.0.135/modules/pending/discord_krisp-1.zip: 56%
5/2/2026, 11:32:30 PM GMT+5:30 [Modules] Streaming discord_krisp@1 to /home/rishav/.config/discord/0.0.135/modules/pending/discord_krisp-1.zip: 57%
5/2/2026, 11:32:31 PM GMT+5:30 [Modules] Streaming discord_krisp@1 to /home/rishav/.config/discord/0.0.135/modules/pending/discord_krisp-1.zip: 58%
5/2/2026, 11:32:31 PM GMT+5:30 [Modules] Streaming discord_krisp@1 to /home/rishav/.config/discord/0.0.135/modules/pending/discord_krisp-1.zip: 59%
5/2/2026, 11:32:31 PM GMT+5:30 [Modules] Streaming discord_krisp@1 to /home/rishav/.config/discord/0.0.135/modules/pending/discord_krisp-1.zip: 60%
5/2/2026, 11:32:32 PM GMT+5:30 [Modules] Streaming discord_krisp@1 to /home/rishav/.config/discord/0.0.135/modules/pending/discord_krisp-1.zip: 61%
5/2/2026, 11:32:32 PM GMT+5:30 [Modules] Streaming discord_krisp@1 to /home/rishav/.config/discord/0.0.135/modules/pending/discord_krisp-1.zip: 62%
5/2/2026, 11:32:33 PM GMT+5:30 [Modules] Streaming discord_krisp@1 to /home/rishav/.config/discord/0.0.135/modules/pending/discord_krisp-1.zip: 63%
5/2/2026, 11:32:33 PM GMT+5:30 [Modules] Streaming discord_krisp@1 to /home/rishav/.config/discord/0.0.135/modules/pending/discord_krisp-1.zip: 64%
5/2/2026, 11:32:34 PM GMT+5:30 [Modules] Streaming discord_krisp@1 to /home/rishav/.config/discord/0.0.135/modules/pending/discord_krisp-1.zip: 65%
5/2/2026, 11:32:35 PM GMT+5:30 [Modules] Streaming discord_krisp@1 to /home/rishav/.config/discord/0.0.135/modules/pending/discord_krisp-1.zip: 66%
5/2/2026, 11:32:35 PM GMT+5:30 [Modules] Streaming discord_krisp@1 to /home/rishav/.config/discord/0.0.135/modules/pending/discord_krisp-1.zip: 67%
5/2/2026, 11:32:35 PM GMT+5:30 [Modules] Streaming discord_krisp@1 to /home/rishav/.config/discord/0.0.135/modules/pending/discord_krisp-1.zip: 68%
5/2/2026, 11:32:35 PM GMT+5:30 [Modules] Streaming discord_krisp@1 to /home/rishav/.config/discord/0.0.135/modules/pending/discord_krisp-1.zip: 69%
5/2/2026, 11:32:36 PM GMT+5:30 [Modules] Streaming discord_krisp@1 to /home/rishav/.config/discord/0.0.135/modules/pending/discord_krisp-1.zip: 70%
5/2/2026, 11:32:36 PM GMT+5:30 [Modules] Streaming discord_krisp@1 to /home/rishav/.config/discord/0.0.135/modules/pending/discord_krisp-1.zip: 71%
5/2/2026, 11:32:36 PM GMT+5:30 [Modules] Streaming discord_krisp@1 to /home/rishav/.config/discord/0.0.135/modules/pending/discord_krisp-1.zip: 72%
5/2/2026, 11:32:36 PM GMT+5:30 [Modules] Streaming discord_krisp@1 to /home/rishav/.config/discord/0.0.135/modules/pending/discord_krisp-1.zip: 73%
5/2/2026, 11:32:36 PM GMT+5:30 [Modules] Streaming discord_krisp@1 to /home/rishav/.config/discord/0.0.135/modules/pending/discord_krisp-1.zip: 74%
5/2/2026, 11:32:37 PM GMT+5:30 [Modules] Streaming discord_krisp@1 to /home/rishav/.config/discord/0.0.135/modules/pending/discord_krisp-1.zip: 75%
5/2/2026, 11:32:37 PM GMT+5:30 [Modules] Streaming discord_krisp@1 to /home/rishav/.config/discord/0.0.135/modules/pending/discord_krisp-1.zip: 76%
5/2/2026, 11:32:37 PM GMT+5:30 [Modules] Streaming discord_krisp@1 to /home/rishav/.config/discord/0.0.135/modules/pending/discord_krisp-1.zip: 77%
5/2/2026, 11:32:37 PM GMT+5:30 [Modules] Streaming discord_krisp@1 to /home/rishav/.config/discord/0.0.135/modules/pending/discord_krisp-1.zip: 78%
5/2/2026, 11:32:38 PM GMT+5:30 [Modules] Streaming discord_krisp@1 to /home/rishav/.config/discord/0.0.135/modules/pending/discord_krisp-1.zip: 79%
5/2/2026, 11:32:38 PM GMT+5:30 [Modules] Streaming discord_krisp@1 to /home/rishav/.config/discord/0.0.135/modules/pending/discord_krisp-1.zip: 80%
5/2/2026, 11:32:38 PM GMT+5:30 [Modules] Streaming discord_krisp@1 to /home/rishav/.config/discord/0.0.135/modules/pending/discord_krisp-1.zip: 81%
5/2/2026, 11:32:38 PM GMT+5:30 [Modules] Streaming discord_krisp@1 to /home/rishav/.config/discord/0.0.135/modules/pending/discord_krisp-1.zip: 82%
5/2/2026, 11:32:39 PM GMT+5:30 [Modules] Streaming discord_krisp@1 to /home/rishav/.config/discord/0.0.135/modules/pending/discord_krisp-1.zip: 83%
5/2/2026, 11:32:39 PM GMT+5:30 [Modules] Streaming discord_krisp@1 to /home/rishav/.config/discord/0.0.135/modules/pending/discord_krisp-1.zip: 84%
5/2/2026, 11:32:39 PM GMT+5:30 [Modules] Streaming discord_krisp@1 to /home/rishav/.config/discord/0.0.135/modules/pending/discord_krisp-1.zip: 85%
5/2/2026, 11:32:39 PM GMT+5:30 [Modules] Streaming discord_krisp@1 to /home/rishav/.config/discord/0.0.135/modules/pending/discord_krisp-1.zip: 86%
5/2/2026, 11:32:40 PM GMT+5:30 [Modules] Streaming discord_krisp@1 to /home/rishav/.config/discord/0.0.135/modules/pending/discord_krisp-1.zip: 87%
5/2/2026, 11:32:40 PM GMT+5:30 [Modules] Streaming discord_krisp@1 to /home/rishav/.config/discord/0.0.135/modules/pending/discord_krisp-1.zip: 88%
5/2/2026, 11:32:40 PM GMT+5:30 [Modules] Streaming discord_krisp@1 to /home/rishav/.config/discord/0.0.135/modules/pending/discord_krisp-1.zip: 89%
5/2/2026, 11:32:41 PM GMT+5:30 [Modules] Streaming discord_krisp@1 to /home/rishav/.config/discord/0.0.135/modules/pending/discord_krisp-1.zip: 90%
5/2/2026, 11:32:41 PM GMT+5:30 [Modules] Streaming discord_krisp@1 to /home/rishav/.config/discord/0.0.135/modules/pending/discord_krisp-1.zip: 91%
5/2/2026, 11:32:41 PM GMT+5:30 [Modules] Streaming discord_krisp@1 to /home/rishav/.config/discord/0.0.135/modules/pending/discord_krisp-1.zip: 92%
5/2/2026, 11:32:41 PM GMT+5:30 [Modules] Streaming discord_krisp@1 to /home/rishav/.config/discord/0.0.135/modules/pending/discord_krisp-1.zip: 93%
5/2/2026, 11:32:41 PM GMT+5:30 [Modules] Streaming discord_krisp@1 to /home/rishav/.config/discord/0.0.135/modules/pending/discord_krisp-1.zip: 94%
5/2/2026, 11:32:42 PM GMT+5:30 [Modules] Streaming discord_krisp@1 to /home/rishav/.config/discord/0.0.135/modules/pending/discord_krisp-1.zip: 95%
5/2/2026, 11:32:42 PM GMT+5:30 [Modules] Streaming discord_krisp@1 to /home/rishav/.config/discord/0.0.135/modules/pending/discord_krisp-1.zip: 96%
5/2/2026, 11:32:42 PM GMT+5:30 [Modules] Streaming discord_krisp@1 to /home/rishav/.config/discord/0.0.135/modules/pending/discord_krisp-1.zip: 97%
5/2/2026, 11:32:43 PM GMT+5:30 [Modules] Streaming discord_krisp@1 to /home/rishav/.config/discord/0.0.135/modules/pending/discord_krisp-1.zip: 98%
5/2/2026, 11:32:43 PM GMT+5:30 [Modules] Streaming discord_krisp@1 to /home/rishav/.config/discord/0.0.135/modules/pending/discord_krisp-1.zip: 99%
5/2/2026, 11:32:43 PM GMT+5:30 [Modules] Streaming discord_krisp@1 to /home/rishav/.config/discord/0.0.135/modules/pending/discord_krisp-1.zip: 100%
5/2/2026, 11:32:43 PM GMT+5:30 [Modules] Fetching discord_game_utils@1 from https://discord.com/api/modules/stable/discord_game_utils/1
5/2/2026, 11:32:43 PM GMT+5:30 [Modules] Streaming discord_game_utils@1 to /home/rishav/.config/discord/0.0.135/modules/pending/discord_game_utils-1.zip
5/2/2026, 11:32:43 PM GMT+5:30 [Modules] Installing discord_krisp@1 from /home/rishav/.config/discord/0.0.135/modules/pending/discord_krisp-1.zip
5/2/2026, 11:32:43 PM GMT+5:30 [Modules] Finished module installations. [success: 1] [failure: 0]
5/2/2026, 11:32:44 PM GMT+5:30 [Modules] Streaming discord_game_utils@1 to /home/rishav/.config/discord/0.0.135/modules/pending/discord_game_utils-1.zip: 1%
5/2/2026, 11:32:44 PM GMT+5:30 [Modules] Streaming discord_game_utils@1 to /home/rishav/.config/discord/0.0.135/modules/pending/discord_game_utils-1.zip: 2%
5/2/2026, 11:32:44 PM GMT+5:30 [Modules] Streaming discord_game_utils@1 to /home/rishav/.config/discord/0.0.135/modules/pending/discord_game_utils-1.zip: 3%
5/2/2026, 11:32:44 PM GMT+5:30 [Modules] Streaming discord_game_utils@1 to /home/rishav/.config/discord/0.0.135/modules/pending/discord_game_utils-1.zip: 4%
5/2/2026, 11:32:44 PM GMT+5:30 [Modules] Streaming discord_game_utils@1 to /home/rishav/.config/discord/0.0.135/modules/pending/discord_game_utils-1.zip: 5%
5/2/2026, 11:32:44 PM GMT+5:30 [Modules] Streaming discord_game_utils@1 to /home/rishav/.config/discord/0.0.135/modules/pending/discord_game_utils-1.zip: 6%
5/2/2026, 11:32:44 PM GMT+5:30 [Modules] Streaming discord_game_utils@1 to /home/rishav/.config/discord/0.0.135/modules/pending/discord_game_utils-1.zip: 7%
5/2/2026, 11:32:44 PM GMT+5:30 [Modules] Streaming discord_game_utils@1 to /home/rishav/.config/discord/0.0.135/modules/pending/discord_game_utils-1.zip: 8%
5/2/2026, 11:32:44 PM GMT+5:30 [Modules] Streaming discord_game_utils@1 to /home/rishav/.config/discord/0.0.135/modules/pending/discord_game_utils-1.zip: 9%
5/2/2026, 11:32:44 PM GMT+5:30 [Modules] Streaming discord_game_utils@1 to /home/rishav/.config/discord/0.0.135/modules/pending/discord_game_utils-1.zip: 10%
5/2/2026, 11:32:44 PM GMT+5:30 [Modules] Streaming discord_game_utils@1 to /home/rishav/.config/discord/0.0.135/modules/pending/discord_game_utils-1.zip: 11%
5/2/2026, 11:32:44 PM GMT+5:30 [Modules] Streaming discord_game_utils@1 to /home/rishav/.config/discord/0.0.135/modules/pending/discord_game_utils-1.zip: 12%
5/2/2026, 11:32:44 PM GMT+5:30 [Modules] Streaming discord_game_utils@1 to /home/rishav/.config/discord/0.0.135/modules/pending/discord_game_utils-1.zip: 13%
5/2/2026, 11:32:44 PM GMT+5:30 [Modules] Streaming discord_game_utils@1 to /home/rishav/.config/discord/0.0.135/modules/pending/discord_game_utils-1.zip: 14%
5/2/2026, 11:32:44 PM GMT+5:30 [Modules] Streaming discord_game_utils@1 to /home/rishav/.config/discord/0.0.135/modules/pending/discord_game_utils-1.zip: 15%
5/2/2026, 11:32:44 PM GMT+5:30 [Modules] Streaming discord_game_utils@1 to /home/rishav/.config/discord/0.0.135/modules/pending/discord_game_utils-1.zip: 16%
5/2/2026, 11:32:44 PM GMT+5:30 [Modules] Streaming discord_game_utils@1 to /home/rishav/.config/discord/0.0.135/modules/pending/discord_game_utils-1.zip: 17%
5/2/2026, 11:32:44 PM GMT+5:30 [Modules] Streaming discord_game_utils@1 to /home/rishav/.config/discord/0.0.135/modules/pending/discord_game_utils-1.zip: 18%
5/2/2026, 11:32:44 PM GMT+5:30 [Modules] Streaming discord_game_utils@1 to /home/rishav/.config/discord/0.0.135/modules/pending/discord_game_utils-1.zip: 19%
5/2/2026, 11:32:44 PM GMT+5:30 [Modules] Streaming discord_game_utils@1 to /home/rishav/.config/discord/0.0.135/modules/pending/discord_game_utils-1.zip: 20%
5/2/2026, 11:32:44 PM GMT+5:30 [Modules] Streaming discord_game_utils@1 to /home/rishav/.config/discord/0.0.135/modules/pending/discord_game_utils-1.zip: 21%
5/2/2026, 11:32:44 PM GMT+5:30 [Modules] Streaming discord_game_utils@1 to /home/rishav/.config/discord/0.0.135/modules/pending/discord_game_utils-1.zip: 22%
5/2/2026, 11:32:44 PM GMT+5:30 [Modules] Streaming discord_game_utils@1 to /home/rishav/.config/discord/0.0.135/modules/pending/discord_game_utils-1.zip: 23%
5/2/2026, 11:32:44 PM GMT+5:30 [Modules] Streaming discord_game_utils@1 to /home/rishav/.config/discord/0.0.135/modules/pending/discord_game_utils-1.zip: 24%
5/2/2026, 11:32:44 PM GMT+5:30 [Modules] Streaming discord_game_utils@1 to /home/rishav/.config/discord/0.0.135/modules/pending/discord_game_utils-1.zip: 25%
5/2/2026, 11:32:44 PM GMT+5:30 [Modules] Streaming discord_game_utils@1 to /home/rishav/.config/discord/0.0.135/modules/pending/discord_game_utils-1.zip: 26%
5/2/2026, 11:32:44 PM GMT+5:30 [Modules] Streaming discord_game_utils@1 to /home/rishav/.config/discord/0.0.135/modules/pending/discord_game_utils-1.zip: 27%
5/2/2026, 11:32:44 PM GMT+5:30 [Modules] Streaming discord_game_utils@1 to /home/rishav/.config/discord/0.0.135/modules/pending/discord_game_utils-1.zip: 28%
5/2/2026, 11:32:44 PM GMT+5:30 [Modules] Streaming discord_game_utils@1 to /home/rishav/.config/discord/0.0.135/modules/pending/discord_game_utils-1.zip: 29%
5/2/2026, 11:32:44 PM GMT+5:30 [Modules] Streaming discord_game_utils@1 to /home/rishav/.config/discord/0.0.135/modules/pending/discord_game_utils-1.zip: 30%
5/2/2026, 11:32:44 PM GMT+5:30 [Modules] Streaming discord_game_utils@1 to /home/rishav/.config/discord/0.0.135/modules/pending/discord_game_utils-1.zip: 31%
5/2/2026, 11:32:44 PM GMT+5:30 [Modules] Streaming discord_game_utils@1 to /home/rishav/.config/discord/0.0.135/modules/pending/discord_game_utils-1.zip: 32%
5/2/2026, 11:32:44 PM GMT+5:30 [Modules] Streaming discord_game_utils@1 to /home/rishav/.config/discord/0.0.135/modules/pending/discord_game_utils-1.zip: 33%
5/2/2026, 11:32:44 PM GMT+5:30 [Modules] Streaming discord_game_utils@1 to /home/rishav/.config/discord/0.0.135/modules/pending/discord_game_utils-1.zip: 34%
5/2/2026, 11:32:44 PM GMT+5:30 [Modules] Streaming discord_game_utils@1 to /home/rishav/.config/discord/0.0.135/modules/pending/discord_game_utils-1.zip: 36%
5/2/2026, 11:32:44 PM GMT+5:30 [Modules] Streaming discord_game_utils@1 to /home/rishav/.config/discord/0.0.135/modules/pending/discord_game_utils-1.zip: 41%
5/2/2026, 11:32:44 PM GMT+5:30 [Modules] Streaming discord_game_utils@1 to /home/rishav/.config/discord/0.0.135/modules/pending/discord_game_utils-1.zip: 43%
5/2/2026, 11:32:44 PM GMT+5:30 [Modules] Streaming discord_game_utils@1 to /home/rishav/.config/discord/0.0.135/modules/pending/discord_game_utils-1.zip: 44%
5/2/2026, 11:32:44 PM GMT+5:30 [Modules] Streaming discord_game_utils@1 to /home/rishav/.config/discord/0.0.135/modules/pending/discord_game_utils-1.zip: 45%
5/2/2026, 11:32:44 PM GMT+5:30 [Modules] Streaming discord_game_utils@1 to /home/rishav/.config/discord/0.0.135/modules/pending/discord_game_utils-1.zip: 46%
5/2/2026, 11:32:44 PM GMT+5:30 [Modules] Streaming discord_game_utils@1 to /home/rishav/.config/discord/0.0.135/modules/pending/discord_game_utils-1.zip: 47%
5/2/2026, 11:32:44 PM GMT+5:30 [Modules] Streaming discord_game_utils@1 to /home/rishav/.config/discord/0.0.135/modules/pending/discord_game_utils-1.zip: 48%
5/2/2026, 11:32:44 PM GMT+5:30 [Modules] Streaming discord_game_utils@1 to /home/rishav/.config/discord/0.0.135/modules/pending/discord_game_utils-1.zip: 49%
5/2/2026, 11:32:44 PM GMT+5:30 [Modules] Streaming discord_game_utils@1 to /home/rishav/.config/discord/0.0.135/modules/pending/discord_game_utils-1.zip: 50%
5/2/2026, 11:32:44 PM GMT+5:30 [Modules] Streaming discord_game_utils@1 to /home/rishav/.config/discord/0.0.135/modules/pending/discord_game_utils-1.zip: 51%
5/2/2026, 11:32:44 PM GMT+5:30 [Modules] Streaming discord_game_utils@1 to /home/rishav/.config/discord/0.0.135/modules/pending/discord_game_utils-1.zip: 52%
5/2/2026, 11:32:44 PM GMT+5:30 [Modules] Streaming discord_game_utils@1 to /home/rishav/.config/discord/0.0.135/modules/pending/discord_game_utils-1.zip: 53%
5/2/2026, 11:32:44 PM GMT+5:30 [Modules] Streaming discord_game_utils@1 to /home/rishav/.config/discord/0.0.135/modules/pending/discord_game_utils-1.zip: 54%
5/2/2026, 11:32:44 PM GMT+5:30 [Modules] Streaming discord_game_utils@1 to /home/rishav/.config/discord/0.0.135/modules/pending/discord_game_utils-1.zip: 55%
5/2/2026, 11:32:44 PM GMT+5:30 [Modules] Streaming discord_game_utils@1 to /home/rishav/.config/discord/0.0.135/modules/pending/discord_game_utils-1.zip: 56%
5/2/2026, 11:32:44 PM GMT+5:30 [Modules] Streaming discord_game_utils@1 to /home/rishav/.config/discord/0.0.135/modules/pending/discord_game_utils-1.zip: 57%
5/2/2026, 11:32:44 PM GMT+5:30 [Modules] Streaming discord_game_utils@1 to /home/rishav/.config/discord/0.0.135/modules/pending/discord_game_utils-1.zip: 58%
5/2/2026, 11:32:44 PM GMT+5:30 [Modules] Streaming discord_game_utils@1 to /home/rishav/.config/discord/0.0.135/modules/pending/discord_game_utils-1.zip: 59%
5/2/2026, 11:32:44 PM GMT+5:30 [Modules] Streaming discord_game_utils@1 to /home/rishav/.config/discord/0.0.135/modules/pending/discord_game_utils-1.zip: 60%
5/2/2026, 11:32:45 PM GMT+5:30 [Modules] Streaming discord_game_utils@1 to /home/rishav/.config/discord/0.0.135/modules/pending/discord_game_utils-1.zip: 61%
5/2/2026, 11:32:45 PM GMT+5:30 [Modules] Streaming discord_game_utils@1 to /home/rishav/.config/discord/0.0.135/modules/pending/discord_game_utils-1.zip: 62%
5/2/2026, 11:32:45 PM GMT+5:30 [Modules] Streaming discord_game_utils@1 to /home/rishav/.config/discord/0.0.135/modules/pending/discord_game_utils-1.zip: 63%
5/2/2026, 11:32:45 PM GMT+5:30 [Modules] Streaming discord_game_utils@1 to /home/rishav/.config/discord/0.0.135/modules/pending/discord_game_utils-1.zip: 64%
5/2/2026, 11:32:45 PM GMT+5:30 [Modules] Streaming discord_game_utils@1 to /home/rishav/.config/discord/0.0.135/modules/pending/discord_game_utils-1.zip: 65%
5/2/2026, 11:32:45 PM GMT+5:30 [Modules] Streaming discord_game_utils@1 to /home/rishav/.config/discord/0.0.135/modules/pending/discord_game_utils-1.zip: 66%
5/2/2026, 11:32:45 PM GMT+5:30 [Modules] Streaming discord_game_utils@1 to /home/rishav/.config/discord/0.0.135/modules/pending/discord_game_utils-1.zip: 67%
5/2/2026, 11:32:45 PM GMT+5:30 [Modules] Streaming discord_game_utils@1 to /home/rishav/.config/discord/0.0.135/modules/pending/discord_game_utils-1.zip: 68%
5/2/2026, 11:32:45 PM GMT+5:30 [Modules] Streaming discord_game_utils@1 to /home/rishav/.config/discord/0.0.135/modules/pending/discord_game_utils-1.zip: 69%
5/2/2026, 11:32:45 PM GMT+5:30 [Modules] Streaming discord_game_utils@1 to /home/rishav/.config/discord/0.0.135/modules/pending/discord_game_utils-1.zip: 70%
5/2/2026, 11:32:45 PM GMT+5:30 [Modules] Streaming discord_game_utils@1 to /home/rishav/.config/discord/0.0.135/modules/pending/discord_game_utils-1.zip: 71%
5/2/2026, 11:32:45 PM GMT+5:30 [Modules] Streaming discord_game_utils@1 to /home/rishav/.config/discord/0.0.135/modules/pending/discord_game_utils-1.zip: 72%
5/2/2026, 11:32:45 PM GMT+5:30 [Modules] Streaming discord_game_utils@1 to /home/rishav/.config/discord/0.0.135/modules/pending/discord_game_utils-1.zip: 73%
5/2/2026, 11:32:45 PM GMT+5:30 [Modules] Streaming discord_game_utils@1 to /home/rishav/.config/discord/0.0.135/modules/pending/discord_game_utils-1.zip: 74%
5/2/2026, 11:32:45 PM GMT+5:30 [Modules] Streaming discord_game_utils@1 to /home/rishav/.config/discord/0.0.135/modules/pending/discord_game_utils-1.zip: 75%
5/2/2026, 11:32:45 PM GMT+5:30 [Modules] Streaming discord_game_utils@1 to /home/rishav/.config/discord/0.0.135/modules/pending/discord_game_utils-1.zip: 76%
5/2/2026, 11:32:45 PM GMT+5:30 [Modules] Streaming discord_game_utils@1 to /home/rishav/.config/discord/0.0.135/modules/pending/discord_game_utils-1.zip: 77%
5/2/2026, 11:32:45 PM GMT+5:30 [Modules] Streaming discord_game_utils@1 to /home/rishav/.config/discord/0.0.135/modules/pending/discord_game_utils-1.zip: 78%
5/2/2026, 11:32:45 PM GMT+5:30 [Modules] Streaming discord_game_utils@1 to /home/rishav/.config/discord/0.0.135/modules/pending/discord_game_utils-1.zip: 79%
5/2/2026, 11:32:45 PM GMT+5:30 [Modules] Streaming discord_game_utils@1 to /home/rishav/.config/discord/0.0.135/modules/pending/discord_game_utils-1.zip: 80%
5/2/2026, 11:32:45 PM GMT+5:30 [Modules] Streaming discord_game_utils@1 to /home/rishav/.config/discord/0.0.135/modules/pending/discord_game_utils-1.zip: 81%
5/2/2026, 11:32:45 PM GMT+5:30 [Modules] Streaming discord_game_utils@1 to /home/rishav/.config/discord/0.0.135/modules/pending/discord_game_utils-1.zip: 82%
5/2/2026, 11:32:45 PM GMT+5:30 [Modules] Streaming discord_game_utils@1 to /home/rishav/.config/discord/0.0.135/modules/pending/discord_game_utils-1.zip: 83%
5/2/2026, 11:32:45 PM GMT+5:30 [Modules] Streaming discord_game_utils@1 to /home/rishav/.config/discord/0.0.135/modules/pending/discord_game_utils-1.zip: 84%
5/2/2026, 11:32:45 PM GMT+5:30 [Modules] Streaming discord_game_utils@1 to /home/rishav/.config/discord/0.0.135/modules/pending/discord_game_utils-1.zip: 85%
5/2/2026, 11:32:45 PM GMT+5:30 [Modules] Streaming discord_game_utils@1 to /home/rishav/.config/discord/0.0.135/modules/pending/discord_game_utils-1.zip: 86%
5/2/2026, 11:32:45 PM GMT+5:30 [Modules] Streaming discord_game_utils@1 to /home/rishav/.config/discord/0.0.135/modules/pending/discord_game_utils-1.zip: 87%
5/2/2026, 11:32:45 PM GMT+5:30 [Modules] Streaming discord_game_utils@1 to /home/rishav/.config/discord/0.0.135/modules/pending/discord_game_utils-1.zip: 88%
5/2/2026, 11:32:45 PM GMT+5:30 [Modules] Streaming discord_game_utils@1 to /home/rishav/.config/discord/0.0.135/modules/pending/discord_game_utils-1.zip: 89%
5/2/2026, 11:32:45 PM GMT+5:30 [Modules] Streaming discord_game_utils@1 to /home/rishav/.config/discord/0.0.135/modules/pending/discord_game_utils-1.zip: 90%
5/2/2026, 11:32:45 PM GMT+5:30 [Modules] Streaming discord_game_utils@1 to /home/rishav/.config/discord/0.0.135/modules/pending/discord_game_utils-1.zip: 91%
5/2/2026, 11:32:45 PM GMT+5:30 [Modules] Streaming discord_game_utils@1 to /home/rishav/.config/discord/0.0.135/modules/pending/discord_game_utils-1.zip: 92%
5/2/2026, 11:32:45 PM GMT+5:30 [Modules] Streaming discord_game_utils@1 to /home/rishav/.config/discord/0.0.135/modules/pending/discord_game_utils-1.zip: 93%
5/2/2026, 11:32:45 PM GMT+5:30 [Modules] Streaming discord_game_utils@1 to /home/rishav/.config/discord/0.0.135/modules/pending/discord_game_utils-1.zip: 94%
5/2/2026, 11:32:45 PM GMT+5:30 [Modules] Streaming discord_game_utils@1 to /home/rishav/.config/discord/0.0.135/modules/pending/discord_game_utils-1.zip: 95%
5/2/2026, 11:32:45 PM GMT+5:30 [Modules] Streaming discord_game_utils@1 to /home/rishav/.config/discord/0.0.135/modules/pending/discord_game_utils-1.zip: 96%
5/2/2026, 11:32:45 PM GMT+5:30 [Modules] Streaming discord_game_utils@1 to /home/rishav/.config/discord/0.0.135/modules/pending/discord_game_utils-1.zip: 97%
5/2/2026, 11:32:45 PM GMT+5:30 [Modules] Streaming discord_game_utils@1 to /home/rishav/.config/discord/0.0.135/modules/pending/discord_game_utils-1.zip: 99%
5/2/2026, 11:32:45 PM GMT+5:30 [Modules] Streaming discord_game_utils@1 to /home/rishav/.config/discord/0.0.135/modules/pending/discord_game_utils-1.zip: 100%
5/2/2026, 11:32:45 PM GMT+5:30 [Modules] Fetching discord_rpc@1 from https://discord.com/api/modules/stable/discord_rpc/1
5/2/2026, 11:32:45 PM GMT+5:30 [Modules] Streaming discord_rpc@1 to /home/rishav/.config/discord/0.0.135/modules/pending/discord_rpc-1.zip
5/2/2026, 11:32:45 PM GMT+5:30 [Modules] Installing discord_game_utils@1 from /home/rishav/.config/discord/0.0.135/modules/pending/discord_game_utils-1.zip
5/2/2026, 11:32:45 PM GMT+5:30 [Modules] Finished module installations. [success: 1] [failure: 0]
5/2/2026, 11:32:46 PM GMT+5:30 [Modules] Streaming discord_rpc@1 to /home/rishav/.config/discord/0.0.135/modules/pending/discord_rpc-1.zip: 41%
5/2/2026, 11:32:46 PM GMT+5:30 [Modules] Streaming discord_rpc@1 to /home/rishav/.config/discord/0.0.135/modules/pending/discord_rpc-1.zip: 83%
5/2/2026, 11:32:46 PM GMT+5:30 [Modules] Streaming discord_rpc@1 to /home/rishav/.config/discord/0.0.135/modules/pending/discord_rpc-1.zip: 100%
5/2/2026, 11:32:46 PM GMT+5:30 [Modules] Finished module downloads. [success: 3] [failure: 0]
5/2/2026, 11:32:46 PM GMT+5:30 [Modules] Installing discord_rpc@1 from /home/rishav/.config/discord/0.0.135/modules/pending/discord_rpc-1.zip
5/2/2026, 11:32:46 PM GMT+5:30 [Modules] Finished module installations. [success: 1] [failure: 0]
5/3/2026, 12:32:17 AM GMT+5:30 [Modules] Host is up to date.
5/3/2026, 12:32:17 AM GMT+5:30 [Modules] Checking for module updates at https://discord.com/api/modules/stable/versions.json
5/3/2026, 12:32:17 AM GMT+5:30 [Modules] No module updates available.
5/3/2026, 1:32:17 AM GMT+5:30 [Modules] Host is up to date.
5/3/2026, 1:32:17 AM GMT+5:30 [Modules] Checking for module updates at https://discord.com/api/modules/stable/versions.json
5/3/2026, 1:32:17 AM GMT+5:30 [Modules] No module updates available.
5/3/2026, 2:32:17 AM GMT+5:30 [Modules] Host is up to date.
5/3/2026, 2:32:17 AM GMT+5:30 [Modules] Checking for module updates at https://discord.com/api/modules/stable/versions.json
5/3/2026, 2:32:17 AM GMT+5:30 [Modules] No module updates available.
5/3/2026, 3:32:17 AM GMT+5:30 [Modules] Host is up to date.
5/3/2026, 3:32:17 AM GMT+5:30 [Modules] Checking for module updates at https://discord.com/api/modules/stable/versions.json
5/3/2026, 3:32:17 AM GMT+5:30 [Modules] No module updates available.
